Number,      cntr_01,       dist_x,       pang_x,        ra_01,       dec_01,          designation,ra,dec,    sigra,   sigdec,  sigradec,  w1mpro, w1sigmpro,    w1snr,   w1rchi2,  w2mpro, w2sigmpro,    w2snr,   w2rchi2,  w3mpro, w3sigmpro,    w3snr,   w3rchi2,  w4mpro, w4sigmpro,    w4snr,   w4rchi2,   nb,   na,  w1sat,  w2sat,  w3sat,  w4sat,     pmra,  sigpmra,    pmdec, sigpmdec, cc_flags, ext_flg, var_flg, ph_qual, moon_lev,   w1nm,    w1m,   w2nm,    w2m,   w3nm,    w3m,   w4nm,    w4m
1,6.079764,-166.829362,53.232687,-9,J033255.75,-90005.9,53.2322974,-9.0016444,0.4545,0.4781,-0.1379,17.338,0.148,7.3,9.86E-01,17.332,null,-1.5,8.73E-01,12.568,null,0.1,1.14E+00,8.631,null,0.9,9.90E-01,1,0,0.002,0,0,0,5,1913,-358,2016,0,0,nnnn,BUUU,0,5,25,0,25,0,12,0,12
2,2.608555,10.869015,311.28971,-31,J204509.56,-305957.4,311.2898694,-30.9992884,0.3523,0.3689,-0.0957,16.889,0.117,9.3,9.96E-01,16.551,null,1.6,9.69E-01,12.35,null,0.4,8.87E-01,8.885,null,-0.1,9.99E-01,1,0,0,0,0,0,1021,1443,-662,1534,0,0,nnnn,BUUU,0,5,23,1,23,0,11,0,11
5,8.614645,-77.804007,36.871893,30,J022728.60,300001.8,36.8691922,30.0005055,0.154,0.1583,-0.0437,16.065,0.054,20.2,9.33E-01,16.728,0.344,3.2,9.70E-01,12.615,null,-1.3,9.85E-01,9.088,null,-1.4,9.26E-01,1,0,0.001,0,0,0,358,317,24,331,0,0,1nnn,ABUU,0,27,37,1,37,0,13,0,13
6,4.97429,40.804826,69.400551,-2,J043736.34,-15956.2,69.4014545,-1.9989541,0.3961,0.4256,-0.0828,17.561,0.168,6.5,9.08E-01,16.131,0.181,6,7.91E-01,12.762,null,-1.7,8.72E-01,9.186,null,-1.6,9.73E-01,1,0,0,0,0,0,1504,1868,1613,2027,0,0,nnnn,BBUU,11,2,32,1,32,0,16,0,16
6,7.267237,-54.264414,69.400551,-2,J043735.73,-15955.7,69.3989114,-1.998821,0.3887,0.4221,-0.1015,17.276,0.13,8.3,9.59E-01,16.645,null,1.7,7.46E-01,12.679,null,-0.9,8.32E-01,9.178,null,-1.5,9.50E-01,1,0,0,0,0,0,1531,1703,2325,1829,0,0,nnnn,BUUU,11,6,32,0,32,0,16,0,16
9,9.79834,-171.898854,86.73892,-14,J054657.24,-140009.7,86.7385247,-14.0026946,0.0542,0.0557,0.0045,14.293,0.029,37.1,4.05E+00,13.405,0.029,37,1.88E+00,10.406,0.062,17.6,1.38E+00,8.077,0.192,5.6,1.20E+00,1,0,0.001,0,0,0.006,-491,131,-76,140,0,1,000n,AAAB,0,30,30,30,30,15,15,3,15
17,6.481641,108.49102,18.796339,-45,J011511.70,-450002,18.7987538,-45.000571,0.0501,0.0481,-0.0015,13.569,0.025,44.2,1.08E+00,13.578,0.031,35.5,9.06E-01,12.777,null,-0.2,9.36E-01,9.108,null,-1.2,1.05E+00,1,0,0,0,0,0,-148,87,-76,85,0,0,00nn,AAUU,0,31,31,31,31,0,13,0,13
19,9.145719,-141.084768,32.385946,34,J020932.16,335952.8,32.3840211,33.9980233,0.2205,0.2259,-0.0692,16.682,0.075,14.5,1.08E+00,16.594,0.25,4.3,9.22E-01,12.911,null,-0.6,1.02E+00,9.387,null,-1.8,1.06E+00,1,0,0,0,0,0,222,553,-382,570,0,0,nnnn,ABUU,2222,13,36,1,36,0,21,0,21
26,2.547004,-15.307938,64.006607,-51,J041601.51,-505957.5,64.0063102,-50.9993176,0.2793,0.281,-0.085,17.634,0.092,11.8,9.44E-01,17.927,0.431,2.5,9.07E-01,13.614,null,-1.9,9.60E-01,9.84,null,-2.2,9.63E-01,1,0,0.001,0,0,0,0,766,0,769,00P0,0,nnnn,ACUU,0,8,106,0,105,0,70,0,70
33,6.032343,31.377624,153.68398,-42,J101444.43,-415954.8,153.685154,-41.9985694,0.5989,0.6469,0.139,17.764,0.2,5.4,1.03E+00,17.49,null,-0.7,9.45E-01,12.564,null,-1.4,9.78E-01,9.252,null,0,8.92E-01,1,0,0,0,0,0,-857,2587,-214,2791,hHH0,0,nnnn,BUUU,0,2,31,0,31,0,14,0,14
38,4.41561,160.966704,213.91118,-45,J141538.81,-450004.1,213.9117457,-45.0011595,0.0403,0.0417,-0.0117,4.851,0.151,7.2,9.04E-02,4.648,0.05,21.6,4.15E-01,4.895,0.014,77.9,1.74E+00,4.839,0.026,42.4,8.29E-01,1,0,0.215,0.196,0,0,32,39,-346,38,0,0,311,BAAA,22,37,37,37,37,35,35,35,35
43,7.305829,-154.186565,258.75796,24,J171501.67,235953.4,258.7569927,23.9981731,0.3875,0.4272,-0.0529,17.396,0.135,8.1,9.37E-01,17.019,0.366,3,9.61E-01,12.546,null,0.1,8.42E-01,9.084,null,-0.9,1.00E+00,1,0,0,0,0,0,-1512,2009,3414,2217,0,0,nnnn,BCUU,11,4,31,0,31,0,13,0,13
46,8.579408,-75.252189,288.04732,57,J191210.34,570002.1,288.0430884,57.0006066,0.2877,0.2844,-0.0912,17.581,0.096,11.3,1.10E+00,18.098,null,-3.9,9.64E-01,13.405,null,-0.4,1.01E+00,9.183,null,1.3,8.86E-01,1,0,0.002,0,0,0.003,432,1276,707,1274,hh00,0,nnnn,AUUU,0,9,99,0,99,0,52,0,52
48,3.833061,17.934734,292.42649,51,J192942.48,510003.6,292.427011,51.001013,0.0732,0.062,0.0065,14.306,0.03,35.9,1.55E+00,14.43,0.044,24.9,9.85E-01,13.17,null,0.1,1.02E+00,9,null,0.8,9.73E-01,2,1,0,0,0,0,null,null,null,null,dh00,0,nnnn,AAUU,0,69,69,69,69,0,37,0,37
49,1.897588,-98.345704,300.14814,-72,J200035.14,-720000.2,300.1464523,-72.0000765,0.0627,0.0636,-0.0082,14.437,0.028,38.1,1.16E+00,14.294,0.044,24.7,9.47E-01,12.186,null,1.4,9.39E-01,9.001,null,0,9.48E-01,1,0,0,0,0,0,-193,135,-11,147,0,0,01nn,AAUU,11,31,31,31,31,0,10,0,11
52,9.527992,21.7354,338.67348,-20,J223441.88,-195951.1,338.674523,-19.9975415,0.5532,0.5792,-0.1626,17.488,0.189,5.8,9.44E-01,17.042,0.489,2.2,9.54E-01,12.253,null,0.4,7.57E-01,8.997,null,-0.3,8.18E-01,1,0,0,0,0,0,-130,2852,-1515,2980,0,0,nnnn,BCUU,0,1,22,0,22,0,12,0,12
54,9.400763,159.730744,347.42063,-67,J230941.50,-670008.8,347.4229455,-67.0024496,0.3793,0.3689,-0.1124,17.406,0.121,9,8.56E-01,17.192,null,1.2,7.59E-01,12.906,null,0,9.07E-01,9.037,null,0.3,9.93E-01,1,0,0,0,0,0,1010,1739,679,1697,0,0,nnnn,BUUU,11,4,39,1,39,0,18,0,18
57,8.124403,169.798425,357.23144,-28,J234855.65,-280007.9,357.2318927,-28.0022211,0.1265,0.131,-0.0378,15.898,0.055,19.9,1.06E+00,14.791,0.066,16.5,1.03E+00,11.616,0.213,5.1,9.57E-01,8.586,null,1,9.20E-01,1,0,0.002,0,0,0,-95,485,-288,505,0,0,00nn,AABU,11,23,25,18,25,1,14,0,14
58,6.664082,147.40003,278.65268,40,J183436.95,395954.3,278.6539819,39.9984405,0.0532,0.0537,-0.0092,14.779,0.027,40.1,1.13E+00,13.991,0.031,35.4,1.00E+00,11.328,0.11,9.9,9.32E-01,8.931,0.331,3.3,1.09E+00,1,0,0.002,0,0,0,19,233,-344,196,0,0,00nn,AABB,0,53,53,53,53,9,27,0,27
58,9.229603,-108.815085,278.65268,40,J183435.88,395957,278.6495121,39.9991731,0.1535,0.1667,-0.0425,16.657,0.057,19.2,1.02E+00,16.27,0.123,8.8,9.60E-01,12.472,null,1.3,9.99E-01,8.78,null,1.3,1.01E+00,1,0,0.001,0,0,0,-1309,625,1670,682,0,0,0nnn,ABUU,0,28,53,2,53,0,26,1,27
59,8.008384,-93.843611,342.01862,-24,J224803.88,-240000.5,342.0161904,-24.0001491,0.2356,0.2393,-0.0728,16.479,0.08,13.5,9.69E-01,16.527,0.276,3.9,9.48E-01,11.747,null,1.9,9.33E-01,8.519,null,1.2,1.29E+00,1,0,0,0,0,0,863,949,591,969,0,0,1nnn,ABUU,0,12,25,2,24,0,13,0,13
62,6.568742,115.721973,71.901214,-16,J044736.70,-160002.8,71.9029241,-16.0007919,0.5778,0.6152,-0.1643,17.835,0.194,5.6,9.37E-01,17.044,null,1.3,8.67E-01,12.739,null,0.4,1.01E+00,9.198,null,-0.6,9.30E-01,1,0,0,0,0,0,2009,3319,-354,3542,0,0,nnnn,BUUU,11,2,40,1,41,0,20,0,20
65,4.895114,159.160994,349.24035,-62,J231657.93,-620004.5,349.2413804,-62.0012708,0.0485,0.049,-0.0141,4.387,0.291,3.7,3.04E-02,4.01,0.186,5.8,4.17E-01,4.412,0.015,73.9,1.31E+00,4.259,0.025,42.6,8.12E-01,1,0,0.21,0.204,0,0,-179,50,-67,51,0,0,11,BBAA,0,33,33,32,33,17,17,17,17
69,6.979504,29.894027,188.01761,-16,J123204.46,-155953.9,188.0186152,-15.9983192,0.1682,0.1845,0.0307,16.157,0.062,17.6,9.64E-01,15.96,0.177,6.1,8.56E-01,11.983,null,1.1,8.19E-01,8.506,null,1.5,9.80E-01,1,0,0,0,0,0.003,248,484,-121,543,0,0,0nnn,ABUU,1222,20,25,0,22,0,12,0,13
74,2.567509,-112.959142,48.193488,-1,J031246.27,-10001,48.1928312,-1.0002782,0.3622,0.3863,-0.1145,17.162,0.124,8.8,8.89E-01,17.454,null,-2,9.37E-01,12.33,null,0.3,9.51E-01,8.8,null,-2.2,9.17E-01,1,0,0,0,0,0,-223,910,622,967,0,0,nnnn,BUUU,0,8,37,0,37,0,10,0,10
76,3.891242,-33.341206,56.038219,-38,J034408.99,-375956.7,56.0374651,-37.999097,0.2891,0.297,-0.0832,17.458,0.103,10.5,1.00E+00,16.735,0.194,5.6,8.51E-01,12.976,null,0.8,9.27E-01,9.759,null,0,1.00E+00,1,0,0,0,0,0,559,810,404,835,0,0,nnnn,ABUU,11,4,64,1,64,0,45,0,45
78,2.543671,-90.235248,89.10122,-14,J055624.11,-140000,89.1004918,-14.0000029,0.4425,0.4453,0.2574,16.631,0.185,5.9,1.01E+00,16.463,0.322,3.4,9.46E-01,10.914,0.167,6.5,1.12E+00,9.24,null,-0.3,1.03E+00,1,0,0.001,0,0,0,1204,2202,398,2159,00O0,0,nnnn,BBBU,0,3,30,0,31,1,15,0,15
78,4.466449,8.912644,89.10122,-14,J055624.34,-135955.5,89.1014181,-13.9987743,0.0534,0.0528,-0.0098,13.755,0.025,42.7,1.18E+00,13.773,0.034,31.9,8.57E-01,11.444,0.161,6.7,1.11E+00,9.095,null,0.1,8.83E-01,1,0,0,0,0,0,51,98,-21,106,00O0,0,00nn,AABU,0,31,31,31,31,3,15,0,15
78,6.465369,118.971493,89.10122,-14,J055624.68,-140003.1,89.1028393,-14.0008699,0.2946,0.3247,-0.1038,16.889,0.104,10.5,9.30E-01,17.401,null,-0.3,8.59E-01,11.438,0.192,5.6,9.32E-01,8.397,null,1.9,9.10E-01,1,0,0,0,0,0,-2711,1441,4688,1592,00O0,0,nnnn,AUBU,0,9,31,0,31,2,15,0,15
80,1.012881,87.738924,103.82778,25,J065518.74,250000,103.8280902,25.0000111,0.1496,0.1632,-0.0261,15.863,0.055,19.7,1.26E+00,15.822,0.155,7,1.01E+00,12.472,null,0.2,8.41E-01,8.843,null,-1,9.22E-01,1,0,0.001,0,0,0,-591,498,540,558,0,0,1nnn,ABUU,1111,23,23,2,23,0,12,0,12
80,9.299784,-170.793976,103.82778,25,J065518.55,245950.8,103.827324,24.99745,0.1314,0.1427,-0.0198,15.633,0.051,21.5,1.18E+00,15.538,0.134,8.1,1.11E+00,11.87,null,1.8,9.68E-01,8.877,null,0.3,1.04E+00,1,0,0.001,0,0,0,136,458,1362,515,0,0,0nnn,ABUU,1111,23,23,4,23,0,12,0,12
90,8.897186,18.35538,314.19721,-26,J205647.53,-255951.5,314.1980759,-25.9976543,0.4053,0.4379,-0.1131,17.241,0.148,7.3,9.81E-01,16.418,0.257,4.2,1.12E+00,12.303,null,0.3,9.62E-01,8.928,null,-0.9,1.01E+00,1,0,0,0,0,0,-2899,1703,-3691,1796,0,0,nnnn,BBUU,1111,4,25,2,25,0,13,0,13
98,5.317906,-168.847322,237.80804,35,J155113.84,345954.7,237.8076912,34.9985507,0.4842,0.5321,0.1051,17.831,0.183,5.9,9.37E-01,16.811,0.272,4,9.26E-01,12.998,null,0.5,1.03E+00,9.469,null,-1,9.56E-01,1,0,0,0,0,0,2021,2355,2376,2595,0,0,nnnn,BBUU,11,4,38,1,38,0,37,0,37
102,3.200395,124.912821,303.49935,0,J201400.01,-1.8,303.500079,-0.0005088,0.1789,0.1864,-0.0507,16.041,0.061,17.8,1.31E+00,17.011,0.506,2.1,9.38E-01,12.361,null,0.1,9.65E-01,8.925,null,-0.6,8.12E-01,1,0,0,0,0,0,-631,722,-276,735,hH00,0,0nnn,ACUU,1111,19,23,0,24,0,11,0,11
103,8.007284,-76.366042,229.86176,-7,J151926.29,-65958.1,229.8595822,-6.9994757,0.4196,0.4582,0.0178,17.133,0.147,7.4,8.84E-01,16.537,0.31,3.5,1.06E+00,12.576,null,-0.2,1.04E+00,8.985,null,-0.9,9.51E-01,1,0,0,0,0,0,-778,1792,-781,1951,0,0,nnnn,BBUU,1111,4,22,0,22,0,12,0,12
105,8.640186,132.06468,37.711073,55,J023051.40,545954.2,37.7141793,54.998392,0.0746,0.0874,-0.0439,13.835,0.037,29.4,2.19E+00,13.654,0.044,24.8,9.49E-01,12.469,null,-1.2,9.87E-01,9.081,null,-0.9,9.20E-01,1,0,0.023,0,0,0,-100,120,-94,134,0,0,00nn,AAUU,0,27,27,28,28,0,13,0,13
106,8.354559,21.475628,208.82857,-53,J135519.19,-525952.2,208.8299817,-52.9978404,0.088,0.0922,0.0083,14.74,0.035,31.2,1.12E+00,15.032,0.104,10.5,8.50E-01,13.014,null,-0.2,9.46E-01,9.678,null,-0.6,9.37E-01,1,0,0,0,0,0,-27,186,-191,201,0,0,00nn,AAUU,22,35,35,19,35,0,30,0,35
107,0.640607,-18.752774,223.78344,-41,J145508.00,-405959.3,223.7833642,-40.9998315,0.0716,0.0736,0.006,14.347,0.031,35,1.06E+00,14.364,0.054,20,8.93E-01,12.363,null,0.5,8.74E-01,8.826,null,0.7,1.10E+00,1,0,0.005,0,0,0,-109,148,-17,160,0,0,11nn,AAUU,100,26,26,25,25,0,13,0,13
109,6.088672,107.464477,38.232543,37,J023256.29,365958.1,38.2345631,36.9994924,0.433,0.4502,-0.1183,17.375,0.153,7.1,9.67E-01,16.709,0.29,3.7,9.83E-01,12.166,null,1,8.41E-01,8.951,null,-0.1,8.30E-01,1,0,0,0,0,0,1620,1472,147,1551,0,0,nnnn,BBUU,0,3,26,0,26,0,12,0,12
110,4.920864,10.686626,39.781509,-52,J023907.66,-515955.1,39.7819207,-51.9986568,0.4681,0.4588,-0.1559,17.762,0.158,6.8,9.89E-01,17.143,0.325,3.3,8.17E-01,12.969,null,-0.2,9.45E-01,9.32,null,0,8.87E-01,1,0,0.001,0,0,0,-952,2533,-161,2468,0,0,nnnn,BBUU,0,2,45,1,45,0,20,0,21
111,7.820468,-133.648611,184.47163,-55,J121752.53,-550005.3,184.4688894,-55.0014994,0.117,0.1235,0.0235,15.867,0.044,24.8,1.68E+00,15.622,0.098,11,1.01E+00,12.442,null,1.2,9.42E-01,8.863,null,1.4,1.02E+00,1,0,0,0,0,0,611,241,548,256,dd00,0,0nnn,AAUU,11,39,46,7,46,0,27,2,27
114,8.989178,35.471226,199.83141,-59,J131920.21,-585952.6,199.8342232,-58.9979664,0.051,0.0505,-0.0088,12.581,0.026,42,1.38E+00,12.671,0.03,36.2,1.30E+00,12.834,0.407,2.7,9.73E-01,9.63,null,-1.2,8.41E-01,1,0,0,0,0,0,-95,56,73,58,0,0,00nn,AACU,11,40,40,40,40,2,40,0,40
118,7.917552,-113.623777,304.56579,-42,J201815.13,-420003.1,304.5630785,-42.0008813,0.3919,0.403,-0.1133,17.218,0.131,8.3,1.21E+00,16.92,0.389,2.8,9.69E-01,12.432,null,0.1,9.12E-01,8.439,null,1.1,8.36E-01,1,0,0,0,0,0,803,1965,-1666,1992,0,0,nnnn,BCUU,100,5,31,0,31,0,10,0,10
119,7.151748,114.738196,9.736267,-52,J003857.40,-520002.9,9.7391973,-52.0008313,0.0658,0.0639,-0.0094,14.565,0.028,38.8,9.73E-01,14.698,0.052,21,9.18E-01,12.398,null,0.5,8.65E-01,8.859,null,0.5,9.59E-01,1,0,0,0,0,0,2,156,-193,151,0,0,11nn,AAUU,11,33,33,31,33,0,15,0,15
123,6.931957,-179.300212,19.431274,-52,J011743.49,-520006.9,19.4312358,-52.0019254,0.1493,0.1471,-0.0457,16.141,0.052,20.7,9.42E-01,16.221,0.155,7,9.12E-01,12.862,null,-1.3,1.03E+00,8.914,null,-0.1,7.55E-01,1,0,0,0,0,0,277,543,-343,532,0,0,0nnn,ABUU,0,31,35,2,35,0,16,0,16
124,7.489019,63.83383,155.79113,61,J102310.79,610003.3,155.7949813,61.0009173,0.057,0.0595,-0.0057,14.205,0.027,40.5,1.19E+00,14.147,0.039,28.1,9.19E-01,12.56,null,0.2,9.66E-01,8.904,null,0.3,1.10E+00,1,0,0,0.002,0,0,-54,118,-9,129,0,0,00nn,AAUU,11,27,27,27,27,0,11,0,11
127,5.352508,-117.88474,200.57395,62,J132217.07,615957.4,200.5711508,61.9993046,0.3377,0.3407,0.107,17.604,0.108,10.1,1.03E+00,17.45,null,1.2,8.74E-01,12.608,null,1.3,9.54E-01,9.415,null,0.3,1.03E+00,1,0,0,0,0,0,-423,1597,958,1610,0,0,nnnn,AUUU,0,9,69,0,69,0,37,0,37
131,2.449664,150.974592,302.82006,37,J201116.91,365957.8,302.8204734,36.999405,0.0791,0.0785,-0.0069,13.954,0.036,30,7.13E+00,13.949,0.045,24,1.97E+00,11.976,null,0.7,7.13E-01,9.215,null,0.1,8.09E-01,1,0,0,0,0,0,132,132,-479,133,0,1,31nn,AAUU,0,44,44,45,45,2,22,0,23
131,8.58696,-89.585942,302.82006,37,J201116.09,370000,302.8170734,37.0000172,0.0704,0.0727,-0.0101,13.591,0.036,30.4,5.51E+00,13.646,0.037,29.5,1.80E+00,12.03,0.444,2.4,8.07E-01,9.065,null,0.3,9.51E-01,1,0,0,0,0,0,302,123,283,129,0,1,53nn,AACU,0,45,45,45,45,2,22,0,23
131,9.88587,60.55978,302.82006,37,J201117.53,370004.8,302.8230545,37.0013497,0.0506,0.051,-0.0043,12.521,0.026,41,3.04E+01,12.662,0.028,38.2,7.62E+00,11.71,null,1.6,8.29E-01,9.262,null,-0.5,7.72E-01,2,0,0,0,0,0.001,-584,60,1784,63,0,1,42nn,AAUU,0,45,45,45,45,0,23,0,23
132,3.084201,164.483912,332.02387,48,J220805.81,475957,332.0242125,47.9991745,0.0973,0.095,-0.0178,15.417,0.035,30.7,1.16E+00,15.975,0.128,8.5,9.02E-01,12.778,null,-0.7,9.16E-01,9.313,null,-0.2,9.15E-01,1,0,0,0,0,0,493,318,-483,312,0hHD,0,0nnn,ABUU,0,34,34,4,34,0,19,0,19
136,8.069194,-55.395244,356.1435,55,J234433.66,550004.5,356.1402834,55.0012729,0.0369,0.036,0.0104,11.008,0.023,48.1,3.74E+01,11.085,0.02,55.1,1.93E+01,10.503,0.076,14.2,1.56E+00,9.1,null,1.1,1.10E+00,1,0,0,0,0,0,-182,27,-216,28,hh00,1,991n,AAAU,0,58,58,58,58,30,32,0,32
136,9.594391,-26.479744,356.1435,55,J234433.94,550008.5,356.1414281,55.0023855,0.3189,0.2521,0.088,11.953,0.153,7.1,3.33E+00,12.07,0.137,7.9,2.30E+00,12.089,0.384,2.8,9.79E-01,9.382,null,-1,1.00E+00,2,1,0.002,0,0,0,null,null,null,null,hH00,1,nnnn,BBCU,0,57,58,58,58,0,32,0,32
137,3.921053,108.505559,296.63337,-15,J194632.26,-150001.2,296.6344393,-15.0003457,0.2183,0.2292,-0.0619,16.284,0.074,14.6,1.14E+00,16.428,0.314,3.5,1.04E+00,12.396,null,-0.7,1.01E+00,8.754,null,-0.7,1.06E+00,1,0,0,0.002,0,0,103,871,820,912,0,0,0nnn,ABUU,4500,13,23,0,20,0,10,0,10
144,4.274216,42.725232,55.866177,-33,J034328.11,-325956.8,55.8671375,-32.9991278,0.3104,0.3247,-0.0927,17.367,0.106,10.3,1.09E+00,17.026,0.28,3.9,9.67E-01,13.23,null,-0.5,1.00E+00,9.463,null,0.4,9.41E-01,1,0,0.001,0,0,0,48,886,383,912,0,0,nnnn,ABUU,11,7,54,1,52,0,37,0,37
145,5.054456,-158.598018,56.731568,18,J034655.44,175955.2,56.7310293,17.9986928,0.2865,0.3069,-0.0902,16.806,0.105,10.3,1.03E+00,16.284,0.212,5.1,9.04E-01,12.403,null,-0.8,1.03E+00,8.425,null,1.1,1.01E+00,1,0,0.003,0,0,0,-696,1162,925,1242,0,0,0nnn,ABUU,0,10,27,0,27,0,13,0,13
150,7.506514,63.705607,66.660836,-28,J042639.10,-275956.6,66.6629532,-27.9990763,0.2285,0.2415,-0.0679,16.851,0.087,12.5,1.01E+00,16.084,0.15,7.2,1.04E+00,12.026,0.258,4.2,1.00E+00,9.072,null,-0.6,1.01E+00,1,0,0.019,0,0,0,368,928,742,979,0,0,nnnn,ABBU,0,10,32,2,32,0,14,0,14
151,5.252271,-48.930258,72.334446,30,J044919.96,300003.4,72.3331759,30.0009585,0.1399,0.1452,-0.0345,15.695,0.05,21.9,1.03E+00,16.033,0.206,5.3,9.17E-01,11.922,null,1.2,1.04E+00,8.69,null,-0.3,9.37E-01,1,0,0,0,0,0,-766,510,601,533,0,0,0nnn,ABUU,0,20,21,1,21,0,11,0,11
153,2.770395,-29.361606,80.801313,-31,J052312.20,-305957.5,80.8008728,-30.9993293,0.1485,0.1606,-0.0372,16.247,0.06,18.2,1.08E+00,15.504,0.089,12.2,9.30E-01,12.834,null,-0.2,1.07E+00,9.156,null,-0.1,1.07E+00,1,0,0,0,0,0,-218,523,170,570,0,0,1nnn,AAUU,0,27,32,8,32,0,16,0,16
160,8.252894,-139.367781,142.74948,-74,J093058.57,-740006.2,142.7440634,-74.0017397,0.0598,0.0599,0.007,14.788,0.027,40.9,9.48E-01,14.902,0.047,23,9.68E-01,13.237,null,0.8,1.01E+00,10.025,null,-0.3,9.76E-01,1,0,0,0,0,0,-298,124,-73,117,0,0,00nn,AAUU,0,86,86,71,86,3,82,0,82
162,9.985775,-119.922116,162.42498,-71,J104940.22,-710004.9,162.4175952,-71.0013835,0.1451,0.143,0.0423,16.072,0.052,21,9.63E-01,16.502,0.174,6.3,9.55E-01,13.362,null,-1.7,9.15E-01,9.737,null,-0.6,1.05E+00,1,0,0,0,0,0.001,355,449,-56,439,0,0,0nnn,ABUU,11,45,50,1,50,0,49,1,49
163,9.648894,44.412203,176.85227,-49,J114725.23,-485953.1,176.8551289,-48.9980854,0.5201,0.5519,0.1401,17.788,0.172,6.3,1.05E+00,17.645,null,-1,1.07E+00,12.81,null,0.3,1.04E+00,9.358,null,-0.1,9.35E-01,1,0,0,0,0,0,491,1654,-77,1765,0h00,0,nnnn,BUUU,0,2,41,1,41,0,28,0,28
167,7.046403,122.633601,199.37063,-42,J131729.48,-420003.7,199.3728481,-42.0010555,0.1431,0.1553,0.0279,16.211,0.053,20.4,1.27E+00,16.121,0.151,7.2,9.24E-01,12.531,null,1,8.83E-01,9.217,null,0,9.33E-01,1,0,0,0,0,0,-247,318,-399,352,0,0,1nnn,ABUU,0,30,47,4,46,0,28,0,28
176,8.96961,-157.024031,236.12593,3,J154429.98,25951.7,236.1249561,2.9977061,0.0523,0.0509,-0.0075,13.444,0.025,44,9.80E-01,13.48,0.034,32.1,8.82E-01,12.154,null,0.5,9.36E-01,8.533,null,1,9.17E-01,1,0,0,0,0,0,23,86,-50,91,0,0,11nn,AAUU,0,27,27,27,27,0,12,0,12
186,3.99102,-129.817441,292.66672,35,J193039.76,345957.4,292.6656805,34.9992901,0.0574,0.0561,-0.0054,14.08,0.026,42.3,1.17E+00,14.245,0.042,26,1.07E+00,12.837,null,-0.7,9.84E-01,8.827,null,0.7,1.12E+00,1,0,0,0,0,0,49,106,-129,107,0,0,11nn,AAUU,0,39,39,39,39,0,19,0,19
188,6.64176,-75.315199,299.6066,-14,J195825.14,-135958.3,299.6047607,-13.9995323,0.1073,0.1112,-0.0289,15.309,0.041,26.6,1.12E+00,15.423,0.132,8.2,1.04E+00,12.474,null,-0.4,9.53E-01,8.937,null,-1.4,9.65E-01,1,0,0,0,0,0,-78,329,-293,353,hh00,0,1nnn,ABUU,1100,24,24,5,24,0,10,0,10
190,6.014558,160.750187,357.33135,-27,J234919.67,-270005.6,357.3319682,-27.0015773,0.3074,0.3107,-0.0899,16.828,0.104,10.5,1.00E+00,16.672,0.338,3.2,8.42E-01,11.991,null,1.6,8.71E-01,8.899,null,0.3,1.03E+00,1,0,0,0.002,0,0,-73,1360,-83,1364,0,0,nnnn,ABUU,11,8,26,0,25,1,13,0,13
194,6.916909,-39.913144,312.70868,57,J205049.53,570005.3,312.7064164,57.0014737,0.0492,0.0479,0.007,13.511,0.025,43.1,1.21E+00,13.51,0.028,39,9.45E-01,12.432,null,1.4,8.91E-01,9.442,null,-0.3,9.37E-01,1,0,0,0,0,0,-105,68,64,65,0,0,21nn,AAUU,0,58,58,57,57,0,28,0,28
196,9.370643,-63.259907,213.62306,-18,J141428.94,-175955.7,213.6206158,-17.9988288,0.0445,0.0445,-0.0072,12.693,0.024,45.5,1.06E+00,12.764,0.026,41.4,1.16E+00,12.351,0.383,2.8,9.62E-01,9.133,null,0.3,9.70E-01,1,0,0,0,0,0,13,40,24,42,0,0,11nn,AACU,1100,33,33,33,33,0,22,0,23
198,8.696104,162.041215,101.97276,52,J064753.75,515951.7,101.9739697,51.9977021,0.4011,0.4408,-0.0542,17.673,0.156,6.9,1.01E+00,16.409,0.222,4.9,9.27E-01,12.255,null,0.5,9.27E-01,8.997,null,-1.3,9.20E-01,1,0,0,0,0,0,-1286,1670,-905,1825,0,0,nnnn,BBUU,22,3,44,2,45,0,12,0,13
202,5.170556,-127.891674,13.799541,-47,J005511.49,-470003.1,13.797879,-47.0008821,0.3704,0.3681,-0.1178,17.244,0.126,8.6,9.19E-01,16.834,0.316,3.4,9.41E-01,12.593,null,0.5,9.17E-01,9.282,null,-0.4,1.02E+00,1,0,0,0,0,0,-3719,1862,332,1818,0,0,nnnn,BBUU,0,5,30,1,30,0,15,0,15
203,7.378598,-78.787832,22.143166,42,J012833.71,420001.4,22.1404606,42.0003985,0.1891,0.1944,-0.0582,16.586,0.064,16.9,1.01E+00,17.497,null,0.2,8.96E-01,12.32,0.248,4.4,1.03E+00,8.749,null,1.5,9.13E-01,2,0,0,0,0,0,213,433,852,429,0,0,1nnn,AUBU,11,23,46,0,46,1,34,0,34
209,3.712997,-7.569601,143.7114,-12,J093450.70,-115956.3,143.7112611,-11.9989776,0.5439,0.6018,0.08,17.651,0.182,6,1.04E+00,17.096,null,0.4,7.86E-01,12.174,null,0.7,8.66E-01,8.666,null,0.6,1.00E+00,1,0,0,0,0,0,2481,2523,-939,2807,0,0,nnnn,BUUU,111,2,26,0,24,0,12,0,12
214,3.9044,-89.952387,298.0391,7,J195209.12,70000,298.0380073,7.0000009,0.1246,0.1299,-0.0288,15.638,0.045,24.4,1.51E+00,16.929,0.358,3,9.87E-01,12.577,null,-2.7,1.02E+00,9.119,null,-1.8,9.58E-01,1,0,0,0,0,0,862,416,-1224,440,hHh0,0,1nnn,ACUU,0,25,26,0,26,0,13,0,13
219,4.089636,44.012799,73.723869,10,J045453.92,100002.9,73.7246705,10.000817,0.0641,0.0635,-0.0113,14.064,0.029,37.3,8.32E-01,14.031,0.044,24.8,8.23E-01,11.931,null,1.6,9.43E-01,8.898,null,-1,1.03E+00,1,0,0,0,0,0,-82,132,-5,138,0,0,00nn,AAUU,1111,24,24,24,24,0,13,0,13
221,6.578089,-85.414886,196.64931,-46,J130635.20,-455959.4,196.646688,-45.9998539,0.6138,0.6675,0.141,17.997,0.207,5.2,1.15E+00,17.516,null,-1.3,9.28E-01,12.773,null,-0.8,9.29E-01,9.131,null,0.6,1.07E+00,1,0,0,0,0,0,1379,1681,-54,1831,0hHH,0,nnnn,BUUU,0,2,44,1,44,0,24,0,24
230,1.276614,-62.069806,266.97316,2,J174753.48,20000.5,266.9728465,2.0001661,0.1241,0.1321,-0.0362,15.508,0.046,23.8,2.30E+00,15.602,0.113,9.6,8.69E-01,12.595,null,-0.8,1.11E+00,8.636,null,0.8,1.10E+00,1,0,0,0,0,0,-663,386,-5,418,hh00,0,0nnn,ABUU,0,33,36,4,36,0,13,0,13
232,7.614929,-103.798901,291.73534,-29,J192655.91,-290001.8,291.7329913,-29.0005045,0.0833,0.0773,-0.0256,14.006,0.033,32.8,1.43E+00,14.064,0.052,20.8,1.02E+00,12.176,null,0.7,1.02E+00,8.545,null,0.2,8.48E-01,2,1,0,0,0,0,null,null,null,null,dd00,0,nnnn,AAUU,0,22,22,21,21,0,11,0,11
233,2.264751,-144.742883,308.89521,-60,J203534.67,-600001.8,308.8944837,-60.0005137,0.185,0.1922,-0.0532,16.309,0.063,17.1,9.09E-01,16.616,0.253,4.3,8.61E-01,12.531,null,0.7,7.92E-01,8.902,null,0.2,9.43E-01,1,0,0,0,0,0,-243,748,130,769,0,0,0nnn,ABUU,0,24,29,0,29,0,14,0,14
236,8.138948,159.483007,181.72041,-64,J120653.33,-640007.6,181.7222177,-64.0021174,0.0733,0.0786,0.0091,12.606,0.036,30,3.86E+00,12.864,0.039,27.5,2.19E+00,12.005,null,1,7.15E-01,8.564,null,1.6,1.28E+00,2,1,0,0,0,0,-70,40,-85,41,00PP,1,nnnn,AAUU,0,56,56,56,56,0,35,2,35
238,2.692133,23.55585,105.07515,-5,J070018.10,-45957.5,105.07545,-4.9993145,0.2197,0.2446,-0.03,16.281,0.08,13.6,9.67E-01,16.235,0.227,4.8,9.96E-01,12.473,null,-1.8,8.80E-01,9.012,null,-0.2,9.06E-01,1,0,0,0,0,0,937,683,737,770,0,0,0nnn,ABUU,0,18,27,1,27,0,13,0,13
241,8.374468,-100.262325,224.22695,-35,J145653.79,-350001.4,224.2241556,-35.0004144,0.3736,0.4127,0.0343,16.985,0.127,8.6,1.01E+00,16.597,null,1.4,8.77E-01,11.974,null,1.5,9.98E-01,8.648,null,-1.4,9.33E-01,1,0,0,0,0,0,276,1512,-1971,1685,0,0,nnnn,BUUU,1111,6,23,0,23,0,12,0,12
244,7.20808,42.097041,60.133271,-41,J040032.41,-405954.6,60.1350495,-40.9985143,0.5378,0.5494,-0.1671,18.182,0.188,5.8,8.65E-01,17.346,0.336,3.2,9.26E-01,13.2,null,-0.5,8.93E-01,9.579,null,-0.3,9.35E-01,1,0,0.001,0,0,0,-6064,1683,2209,1702,0,0,nnnn,BBUU,0,1,65,2,65,0,39,0,39
244,9.699005,146.457186,60.133271,-41,J040032.45,-410008,60.1352436,-41.0022455,0.433,0.4416,-0.126,17.87,0.137,7.9,8.51E-01,17.7,null,0.3,9.37E-01,13.246,null,-1,9.30E-01,9.634,null,-0.9,9.23E-01,1,0,0.001,0,0,0,-453,1295,-405,1328,0,0,nnnn,BUUU,0,4,65,0,65,0,38,0,39
248,6.802551,-135.910765,73.27165,-48,J045304.72,-480004.8,73.2696851,-48.0013572,0.0725,0.0729,-0.0168,15.116,0.258,4.2,1.55E+00,14.884,0.051,21.2,9.19E-01,12.921,null,0.5,1.02E+00,9.591,null,-2.5,1.07E+00,1,0,0.014,0.001,0,0,175,190,-134,197,0,0,00nn,BAUU,0,42,42,46,54,0,29,0,29
250,8.555038,77.613469,104.0981,-46,J065624.34,-455958.1,104.1014413,-45.9994902,0.1669,0.178,-0.0153,16.594,0.06,18.2,1.19E+00,16.597,0.185,5.9,9.85E-01,12.947,null,-0.5,9.07E-01,9.361,null,-1.4,9.10E-01,1,0,0,0,0,0,-916,580,450,623,0,0,1nnn,ABUU,0,34,55,3,55,0,25,0,25
261,8.467027,119.480235,290.74559,-54,J192259.77,-540004.1,290.7490734,-54.0011574,0.154,0.1617,-0.0461,16.112,0.055,19.6,9.63E-01,15.794,0.139,7.8,9.01E-01,12.399,null,0.6,8.69E-01,9.153,null,-0.8,9.91E-01,1,0,0,0,0,0,-244,585,-463,614,0,0,0nnn,ABUU,22,24,26,4,26,0,12,0,12
262,5.210286,163.20971,299.01821,-32,J195604.48,-320004.9,299.018703,-32.0013856,0.1086,0.1114,-0.0301,15.29,0.041,26.4,1.40E+00,15.229,0.106,10.2,9.51E-01,12.195,null,0.6,9.95E-01,8.706,null,0.8,1.07E+00,1,0,0,0,0,0.004,-126,364,336,368,0,0,0nnn,AAUU,1100,22,22,7,22,0,11,0,11
264,7.521073,45.739664,81.12571,-38,J052430.62,-375954.7,81.1276087,-37.9985419,0.3299,0.3533,-0.0814,17.277,0.114,9.5,1.04E+00,17.243,0.343,3.2,7.89E-01,12.816,null,0.5,1.01E+00,8.671,null,1.8,9.56E-01,1,0,0,0,0,0,-556,1548,-359,1660,0,0,nnnn,BBUU,0,6,40,0,40,0,20,0,20
265,8.690997,-11.063368,94.783573,-3,J061907.94,-25951.4,94.7831091,-2.9976307,0.0484,0.047,-0.0076,13.067,0.025,44,8.99E-01,13.069,0.028,39.2,8.10E-01,12.619,0.508,2.1,1.09E+00,9.06,null,0,9.54E-01,1,0,0,0,0,0,-5,83,82,89,h000,0,00nn,AACU,11,27,27,26,26,0,13,0,13
266,3.5908,62.517271,134.31229,15,J085715.16,150001.6,134.3132061,15.0004603,0.4062,0.449,-0.0399,17.109,0.136,8,9.16E-01,16.848,null,0.8,7.94E-01,12.119,null,0.5,8.93E-01,8.579,null,0.4,8.14E-01,1,0,0,0,0,0,586,1704,4003,1900,0,0,nnnn,BUUU,0,4,22,0,22,0,11,0,10
270,5.50715,-101.564616,172.96054,81,J113148.23,805958.8,172.9509599,80.9996932,0.0945,0.093,0.0261,15.681,0.037,29.1,1.08E+00,15.406,0.072,15,1.12E+00,12.566,null,0.8,9.50E-01,9.306,null,-0.7,9.67E-01,1,0,0.001,0.001,0,0,-238,286,140,275,0,0,0nnn,AAUU,0,51,51,20,51,0,22,0,22
270,8.766308,-18.73697,172.96054,81,J113149.32,810008.3,172.9555385,81.002306,0.4774,0.4842,-0.1069,17.598,0.147,7.4,1.09E+00,17.358,0.408,2.7,1.07E+00,12.518,null,0.8,9.89E-01,9.048,null,-0.5,9.26E-01,1,0,0.001,0,0,0,415,2317,932,2397,0,0,nnnn,BCUU,0,1,51,1,51,0,22,0,22
275,9.835769,-161.720878,52.077833,48,J032818.37,475950.6,52.0765524,47.9974057,0.0387,0.0362,0.0085,10.139,0.024,45.2,8.07E-01,10.139,0.02,54.7,7.93E-01,10.078,0.062,17.6,9.27E-01,8.415,null,1.7,1.02E+00,1,0,0,0,0,0,-27,38,-4,36,dd00,0,011n,AAAU,0,29,29,29,29,14,14,0,14
280,3.400041,-86.582351,104.38859,19,J065733.02,190000.2,104.3875929,19.0000563,0.4055,0.4455,0.0634,17.035,0.143,7.6,1.18E+00,16.486,0.281,3.9,1.09E+00,12.287,null,0.2,9.29E-01,8.944,null,-0.2,8.94E-01,2,1,0,0,0,0,1340,1498,-1354,1620,0,0,nnnn,BBUU,0,7,23,1,23,0,12,0,12
286,9.712575,174.722554,182.77446,-56,J121105.97,-560009.6,182.7749038,-56.0026865,0.0414,0.0418,-0.01,12.601,0.023,46.7,1.38E+00,12.653,0.024,45.8,1.08E+00,12.796,0.452,2.4,1.05E+00,9.506,null,-0.9,9.04E-01,1,0,0,0,0,0,33,32,-52,33,0h00,0,21nn,AACU,11,52,52,51,51,2,31,0,31
288,9.860807,108.472035,283.25977,-48,J185303.27,-480003.1,283.2636527,-48.0008678,0.2278,0.2459,-0.0558,16.214,0.081,13.4,9.42E-01,16.622,0.324,3.4,8.80E-01,12.08,null,1.4,9.20E-01,9.142,null,-1.2,1.09E+00,1,0,0,0,0,0,97,867,-258,928,0,0,1nnn,ABUU,0,18,26,1,25,0,13,0,14
290,8.815156,-86.992141,294.62168,-65,J193827.81,-645959.5,294.615894,-64.9998714,0.1764,0.1849,-0.0553,16.396,0.063,17.4,1.01E+00,16.183,0.176,6.2,1.16E+00,12.709,null,-1,9.44E-01,8.936,null,0.2,9.02E-01,1,0,0,0,0,0,366,687,124,722,0,0,0nnn,ABUU,11,24,32,3,32,0,17,0,16
292,2.320783,-95.877391,319.5677,-75,J211815.65,-750000.2,319.5652223,-75.000066,0.1451,0.1431,-0.0425,16.309,0.051,21.1,1.26E+00,16.076,0.134,8.1,9.23E-01,12.681,0.495,2.2,9.42E-01,8.961,null,0.2,8.54E-01,1,0,0,0,0,0,1058,577,1185,572,0,0,0nnn,ABCU,0,29,38,1,38,0,15,0,16
293,3.410727,82.347542,359.11584,83,J235629.65,830000.4,359.123545,83.0001261,0.2003,0.1845,-0.0128,16.695,0.066,16.5,9.64E-01,16.723,0.219,5,8.61E-01,12.615,null,0.7,8.74E-01,8.801,null,1.1,1.11E+00,1,0,0,0,0,0,-1265,814,-290,757,0,0,0nnn,ABUU,0,24,49,0,49,0,21,0,21
293,8.071009,-155.577402,359.11584,83,J235625.97,825952.6,359.108236,82.9979586,0.2313,0.2082,0.0133,16.876,0.075,14.5,1.03E+00,16.871,0.245,4.4,8.19E-01,12.728,null,0.4,9.42E-01,9.353,null,-1.3,1.15E+00,1,0,0,0,0,0,8,1022,386,920,0,0,nnnn,ABUU,0,18,50,2,50,0,22,0,22
295,6.572267,110.190659,304.01162,-16,J201603.21,-160002.2,304.0134025,-16.0006301,0.0583,0.0581,-0.0107,13.743,0.027,39.7,9.56E-01,13.81,0.038,28.6,8.71E-01,12.29,null,0.2,9.77E-01,9.1,null,-0.4,1.08E+00,1,0,0,0,0,0,-133,106,-140,109,0,0,11nn,AAUU,0,26,26,26,26,0,14,0,14
296,9.750534,-122.239773,31.858846,-59,J020725.05,-590005.2,31.8543978,-59.0014448,0.2363,0.2269,-0.0659,16.985,0.078,13.9,9.27E-01,17.186,0.307,3.5,8.93E-01,12.916,null,-0.8,8.63E-01,9.458,null,-0.3,1.03E+00,1,0,0.001,0,0,0,-28,1016,48,969,0,0,nnnn,ABUU,0,10,50,2,50,0,23,0,23
300,8.255368,49.668868,58.430359,57,J035344.05,570005.3,58.4335688,57.0014841,0.0404,0.0375,0.0045,11.574,0.022,48.3,5.02E+00,11.609,0.022,49.6,2.18E+00,11.534,0.222,4.9,8.24E-01,9.076,null,0.3,8.43E-01,1,0,0,0,0,0,-42,40,102,38,0,1,00nn,AABU,33,52,52,52,52,0,16,0,17
302,5.869944,-116.247668,84.042898,-28,J053609.89,-280002.5,84.0412417,-28.0007211,0.4458,0.4801,-0.0972,17.388,0.145,7.5,9.54E-01,16.977,null,1,8.35E-01,12.784,null,0,9.68E-01,9.232,null,-0.1,1.10E+00,1,0,0,0,0,0,-1619,2023,-3805,2197,0,0,nnnn,BUUU,0,2,30,0,30,0,17,0,17
306,5.95699,137.600074,139.36487,-74,J091728.54,-740004.3,139.3689183,-74.0012219,0.3435,0.315,0.0684,17.606,0.113,9.6,9.35E-01,17.18,0.255,4.3,8.92E-01,13.251,null,0.9,9.97E-01,9.632,null,0.8,9.34E-01,1,0,0,0,0,0,-471,1491,234,1388,0,0,nnnn,BBUU,0,6,86,0,86,0,83,0,84
308,6.56761,-122.28158,159.84513,-64,J103921.98,-640003.5,159.8416115,-64.0009743,0.1009,0.1017,0.0194,15.224,0.04,27.1,1.47E+00,15.649,0.093,11.7,9.77E-01,11.976,null,1.4,7.28E-01,9.579,0.532,2,9.09E-01,1,0,0,0,0,0,415,139,-34,140,hh00,0,1nnn,AAUC,0,70,70,14,70,0,42,0,42
311,8.05391,70.951045,216.18298,-40,J142444.57,-395957.3,216.1857405,-39.9992698,0.1433,0.1549,0.0271,16.188,0.051,21.2,1.08E+00,16.798,null,1.3,9.49E-01,12.581,0.351,3.1,9.95E-01,9.388,null,0.1,1.02E+00,1,0,0,0,0,0,-662,551,-16,609,0,0,0nnn,AUBU,1344,28,39,0,29,1,25,0,28
311,8.465211,-42.188442,216.18298,-40,J142443.42,-395953.7,216.1809186,-39.9982577,0.0656,0.072,0.0058,14.693,0.029,38,1.15E+00,14.747,0.06,18.2,1.23E+00,12.99,null,0,9.66E-01,9.215,null,-0.1,9.69E-01,2,1,0,0,0,0,-410,154,-56,169,0,0,nnnn,AAUU,1344,38,38,20,28,0,24,0,27
313,4.828979,-67.663116,243.62035,-21,J161428.56,-205958.1,243.619021,-20.9994902,0.0654,0.0668,-0.0161,13.892,0.03,36.6,1.15E+00,13.933,0.046,23.7,1.06E+00,11.979,null,0.8,9.00E-01,8.596,null,0.2,8.81E-01,1,0,0,0,0,0,92,143,61,150,0,0,22nn,AAUU,0,21,21,20,21,0,9,0,9
318,4.390484,155.628322,67.209017,13,J042850.28,125956,67.2095335,12.9988891,0.2533,0.2649,-0.0648,16.461,0.087,12.5,9.18E-01,16.382,0.318,3.4,8.49E-01,12.01,null,1,9.93E-01,8.934,0.519,2.1,8.28E-01,1,0,0,0,0,0,-871,977,972,1022,0,0,1nnn,ABUC,3322,10,24,0,24,0,10,0,10
319,5.860784,-30.970507,85.362189,-33,J054126.68,-325954.9,85.3611901,-32.9986041,0.2324,0.2509,-0.0492,16.788,0.081,13.5,9.16E-01,17.197,0.364,3,9.50E-01,12.274,null,1.5,1.04E+00,9.26,null,-0.7,1.02E+00,1,0,0,0,0,0,1388,966,-1596,1043,0,0,nnnn,ACUU,0,14,38,1,37,0,20,0,20
320,7.519908,-36.76795,125.95209,53,J082348.00,530006,125.9500123,53.0016733,0.5171,0.5474,0.274,17.154,0.162,6.7,9.89E-01,16.879,null,0.5,9.07E-01,12.475,null,0.5,1.08E+00,8.751,null,0.6,9.59E-01,1,0,0,0,0,0,-3009,1960,-160,2168,0h00,0,nnnn,BUUU,0,3,29,0,29,0,15,0,15
320,8.01336,88.160364,125.95209,53,J082349.38,530000.2,125.9557868,53.0000714,0.4272,0.4783,0.0426,17.391,0.153,7.1,1.20E+00,16.874,0.372,2.9,1.02E+00,12.666,0.538,2,1.04E+00,8.477,null,1.1,8.77E-01,1,0,0,0,0,0,-13182,1654,-5669,1751,0h00,0,nnnn,BCCU,0,5,28,1,27,1,13,0,14
321,3.690552,130.025613,126.60502,-52,J082625.51,-520002.3,126.6062951,-52.0006593,0.0485,0.0499,-0.0097,13.872,0.024,44.6,2.54E+00,13.791,0.03,36.4,1.19E+00,12.076,null,1.7,9.87E-01,9.202,null,0.1,8.82E-01,1,0,0,0,0,0,121,80,113,86,0,0,00nn,AAUU,11,45,45,45,45,0,21,0,21
325,6.635743,0.965898,181.14054,66,J120433.74,660006.6,181.1406164,66.001843,0.3202,0.334,0.0985,17.252,0.107,10.1,8.16E-01,17.324,0.399,2.7,9.03E-01,12.542,null,0.6,1.01E+00,9.072,null,-1.6,9.41E-01,1,0,0,0,0,0,-326,1379,731,1436,0,0,nnnn,ACUU,0,5,38,0,38,0,19,0,19
326,2.755923,144.871287,230.13091,-28,J152031.53,-280002.2,230.1314089,-28.0006261,0.0509,0.0507,-0.0102,13.439,0.024,44.6,1.35E+00,13.51,0.034,31.7,1.12E+00,12.004,0.305,3.6,1.02E+00,8.641,null,0.7,1.15E+00,1,0,0,0,0,0,24,97,136,103,0,0,11nn,AABU,1100,23,23,23,23,0,12,0,12
328,4.862131,-125.606172,235.04815,-70,J154010.78,-700002.8,235.0449393,-70.0007863,0.1317,0.1408,0.0032,15.641,0.048,22.8,1.22E+00,16.622,0.284,3.8,9.63E-01,12.253,null,1.2,1.17E+00,9.044,null,0.2,1.11E+00,1,0,0,0,0,0,296,450,562,484,0h00,0,0nnn,ABUU,0,28,28,0,28,0,14,0,14
328,8.940344,-11.085121,235.04815,-70,J154011.22,-695951.2,235.0467541,-69.9975629,0.1484,0.161,0.0318,15.873,0.055,19.8,1.17E+00,16.457,0.243,4.5,8.55E-01,12.235,null,1.3,1.09E+00,9.037,null,0.1,1.09E+00,1,0,0,0,0,0,-552,543,-24,586,0,0,0nnn,ABUU,0,25,28,1,28,0,14,0,14
329,9.959914,-50.090932,237.23665,-3,J154856.28,-25953.6,237.2345249,-2.998225,0.4064,0.4505,-0.0449,17.105,0.138,7.8,7.66E-01,16.595,null,1.6,8.95E-01,12.261,null,0.6,9.05E-01,8.902,null,-0.2,1.14E+00,1,0,0.005,0,0,0,1192,1718,433,1905,0,0,nnnn,BUUU,100,3,24,0,23,0,11,0,11
335,7.508945,152.455727,309.45466,11,J203749.35,105953.3,309.4556426,10.9981506,0.0946,0.0977,-0.0223,15.483,0.037,29.4,1.15E+00,15.425,0.087,12.5,1.05E+00,12.778,null,-1.1,8.32E-01,9.225,null,-0.1,8.92E-01,1,0,0,0,0,0,-289,306,-370,328,0,0,0nnn,AAUU,22,36,36,11,36,0,18,0,18
337,8.726083,82.126792,264.52297,-54,J173806.49,-535958.8,264.5270549,-53.9996679,0.0656,0.0677,-0.0132,14.204,0.03,36.6,9.68E-01,14.426,0.048,22.8,8.97E-01,12.327,null,0.7,8.14E-01,9.175,null,-0.5,9.01E-01,1,0,0,0,0,0,-132,151,-39,162,hh00,0,00nn,AAUU,0,32,32,32,32,0,15,0,15
338,8.228057,-0.452838,173.86227,-32,J113526.93,-315951.7,173.8622487,-31.9977145,0.582,0.6437,0.1601,17.723,0.196,5.5,1.09E+00,16.997,null,1,8.72E-01,12.431,null,0.6,1.11E+00,8.837,null,-0.9,8.24E-01,1,0,0,0,0,0,-2729,2270,347,2551,0,0,nnnn,BUUU,0,2,29,0,29,1,13,0,13
338,9.735282,135.087857,173.86227,-32,J113527.48,-320006.8,173.8645214,-32.0019151,0.1355,0.1435,0.0339,15.905,0.052,21.1,9.70E-01,15.546,0.108,10,9.50E-01,12.134,null,0.8,8.41E-01,9.116,null,-1.9,8.83E-01,1,0,0,0,0,0,460,405,-89,434,0,0,0nnn,AAUU,0,27,29,6,29,0,13,0,13
341,9.643309,-127.79531,165.60188,-26,J110223.88,-260005.9,165.5995249,-26.0016416,0.1433,0.1558,0.0271,16.076,0.054,20.1,9.86E-01,15.734,0.137,7.9,9.40E-01,12.539,null,-0.1,9.13E-01,9.104,null,-1.1,9.78E-01,1,0,0,0,0,0,7,500,-718,548,0,0,0nnn,ABUU,111,25,30,3,28,0,13,0,13
342,6.224454,-29.24009,318.69788,38,J211447.23,380005.4,318.6968082,38.0015087,0.0651,0.0764,0.0229,13.87,0.032,33.7,1.76E+00,14.019,0.041,26.6,1.06E+00,12.826,null,-1.5,9.50E-01,9.14,null,-0.8,1.08E+00,2,1,0,0,0,0,null,null,null,null,hhH0,0,nnnn,AAUU,0,34,34,34,34,0,20,0,20
343,3.877267,-132.729324,281.09576,39,J184422.73,385957.3,281.094742,38.9992692,0.0387,0.0352,0.0016,10.667,0.023,47.4,1.10E+00,10.763,0.02,53.9,1.11E+00,10.769,0.092,11.8,8.97E-01,9.184,null,0.3,9.07E-01,1,0,0,0,0,0,7,41,27,37,0,0,000n,AAAU,0,47,47,47,47,17,23,0,23
347,3.586613,1.585681,178.26612,-56,J115303.88,-555956.4,178.2661693,-55.9990041,0.089,0.0923,0.0196,15.273,0.036,30.4,1.26E+00,15.564,0.087,12.5,9.90E-01,12.764,null,0.6,9.08E-01,9.41,null,-0.1,1.01E+00,1,0,0,0,0,0,108,143,-224,152,0h00,0,0nnn,AAUU,0,55,55,15,55,0,32,0,33
347,8.700675,-117.078015,178.26612,-56,J115302.94,-560003.9,178.2622716,-56.0011001,0.1628,0.1688,0.0477,16.245,0.056,19.3,1.52E+00,16.704,0.234,4.6,8.74E-01,12.328,null,1.9,9.71E-01,9.463,null,-0.1,9.61E-01,1,0,0,0,0,0,34,353,76,369,0,0,2nnn,ABUU,0,34,56,0,56,0,32,0,33
352,8.74341,22.398602,95.45858,-51,J062150.41,-505951.9,95.4600505,-50.9977545,0.2379,0.2625,-0.0325,17.346,0.089,12.3,9.11E-01,16.56,0.158,6.9,1.00E+00,12.984,null,0.5,9.36E-01,8.953,null,1.3,1.06E+00,1,0,0.001,0,0,0,133,977,363,1075,0,0,nnnn,ABUU,0,8,68,1,68,1,34,0,34
353,5.363231,-152.049244,106.58722,-43,J070620.70,-430004.7,106.5862652,-43.001316,0.0736,0.0762,-0.0108,15.009,0.031,34.8,1.04E+00,15.048,0.062,17.4,9.41E-01,12.942,null,-0.3,8.80E-01,9.132,null,-0.6,8.76E-01,1,0,0.001,0,0,0,176,169,79,184,0,0,11nn,AAUU,0,45,45,33,45,0,20,0,20
355,6.713553,21.949775,125.72982,-52,J082255.42,-515953.7,125.7309522,-51.9982703,0.1954,0.2073,0.0437,16.538,0.068,16,1.10E+00,17.573,null,0.4,8.66E-01,12.647,0.431,2.5,9.03E-01,9.022,null,0.3,9.04E-01,1,0,0,0,0,0.002,321,720,1400,766,hHH0,0,1nnn,AUCU,11,23,57,0,57,0,25,0,25
356,3.578939,-136.539334,129.45955,-6,J083750.12,-60002.5,129.4588624,-6.0007216,0.2085,0.229,0.0277,16.51,0.079,13.8,1.21E+00,15.837,0.15,7.2,8.24E-01,12.412,null,0.4,8.23E-01,9.088,null,-0.5,1.10E+00,1,0,0,0,0,0,281,798,749,885,0,0,1nnn,ABUU,0,14,24,0,24,0,11,0,11
357,3.915447,84.898438,133.27539,52,J085306.51,520000.3,133.2771496,52.0000967,0.3258,0.3614,0.0317,17.092,0.11,9.9,9.22E-01,17.128,0.447,2.4,8.76E-01,12.306,null,0.5,8.87E-01,9.06,null,-0.4,9.50E-01,1,0,0,0,0,0,-129,1377,-1832,1525,0,0,nnnn,BCUU,11,5,28,0,28,0,13,0,13
360,6.602878,26.939636,316.9855,7,J210756.72,70005.8,316.9863372,7.0016351,0.2554,0.2706,-0.0689,16.786,0.096,11.3,8.51E-01,15.987,0.152,7.2,8.70E-01,11.961,null,1.8,9.54E-01,8.94,null,0.4,1.01E+00,1,0,0,0,0,0,198,1036,-264,1095,h000,0,nnnn,ABUU,1100,7,29,1,29,1,16,0,16
360,9.870293,171.09496,316.9855,7,J210756.62,65950.2,316.9859276,6.9972913,0.3682,0.388,-0.1025,17.138,0.124,8.8,1.08E+00,17.114,0.421,2.6,8.08E-01,12.677,null,-1.4,8.97E-01,8.781,null,0.1,8.27E-01,1,0,0,0,0,0,158,1686,1146,1772,h000,0,nnnn,BCUU,1100,6,29,0,29,0,16,0,16
361,6.104843,-31.201313,324.33796,-18,J213720.88,-175954.7,324.3370363,-17.9985495,0.5358,0.575,-0.1596,17.394,0.175,6.2,9.42E-01,16.777,null,0.7,9.66E-01,11.996,null,0.4,8.13E-01,9.055,null,-0.6,1.04E+00,1,0,0,0,0,0.003,196,2396,1754,2552,0,0,nnnn,BUUU,1100,4,22,0,22,0,11,0,11
361,7.636635,-122.296616,324.33796,-18,J213720.65,-180004,324.3360746,-18.0011334,0.5303,0.5578,-0.152,17.361,0.177,6.1,8.95E-01,17.208,null,-1.7,1.02E+00,12.405,null,-1.1,8.09E-01,8.899,0.491,2.2,9.50E-01,1,0,0,0,0,0.002,-3201,2187,2880,2268,0,0,nnnn,BUUC,1100,4,22,0,22,0,11,0,11
367,8.41569,-10.966917,113.94775,-32,J073547.33,-315951.7,113.9472256,-31.997705,0.0559,0.0565,-0.0097,13.794,0.027,40.8,1.63E+00,13.832,0.034,32.1,9.43E-01,12.799,null,-1.7,1.06E+00,9.178,null,-0.1,1.03E+00,2,1,0,0,0,0,26,84,162,92,0,0,nnnn,AAUU,0,35,35,34,34,0,15,0,15
369,7.851179,-17.503304,195.44552,63,J130146.57,630007.4,195.4440751,63.0020799,0.1993,0.2017,0.0556,16.743,0.067,16.1,9.34E-01,16.986,0.281,3.9,8.07E-01,12.363,null,2,9.18E-01,9.528,null,-0.8,9.40E-01,1,0,0.001,0,0,0,-414,792,222,803,0,0,nnnn,ABUU,0,18,47,2,47,0,26,0,26
370,7.290044,-166.086778,326.34127,-12,J214521.78,-120007,326.3407722,-12.0019656,0.2572,0.2672,-0.0803,16.594,0.088,12.3,9.92E-01,16.24,0.249,4.4,8.88E-01,11.876,null,1.6,9.20E-01,8.478,null,1.2,9.68E-01,1,0,0,0,0,0,-542,1086,-105,1129,0,0,0nnn,ABUU,1100,9,22,1,22,0,11,0,11
370,8.97154,124.404368,326.34127,-12,J214522.40,-120005,326.3433721,-12.0014081,0.334,0.3444,-0.1003,16.858,0.112,9.7,9.81E-01,16.747,0.355,3.1,8.12E-01,12.447,null,-0.1,8.85E-01,8.302,null,1.4,1.03E+00,1,0,0,0,0,0,-878,1464,-102,1507,0,0,nnnn,BBUU,1100,6,22,0,22,1,11,0,11
371,9.403792,-28.342786,217.69195,63,J143045.41,630008.2,217.6892182,63.002299,0.4125,0.4155,0.135,17.712,0.136,8,8.62E-01,17.617,0.432,2.5,9.26E-01,12.91,null,0.3,8.40E-01,9.396,null,-1.5,9.24E-01,1,0,0,0,0,0,-1453,1939,156,1964,0,0,nnnn,BCUU,0,2,54,0,54,0,30,0,30
373,9.963984,58.907938,28.709772,21,J015450.95,210005.1,28.7123108,21.0014293,0.3028,0.3141,-0.0962,17.005,0.099,11,8.59E-01,17.172,0.454,2.4,1.01E+00,12.51,null,0.4,8.73E-01,9.204,null,-0.1,9.19E-01,1,0,0,0,0,0,-524,824,18,855,0,0,nnnn,ACUU,1111,7,34,1,34,0,20,0,20
,,,,,,,,,,,,,,,,,,,,,,,,,,,,,,,,,,,,,,,,,,,,,,,,,,
,,,,,,,,,,,,,,,,,,,,,,,,,,,,,,,,,,,,,,,,,,,,,,,,,,
,,,,,,,,,,,,,,,,,,,,,,,,,,,,,,,,,,,,,,,,,,,,,,,,,,
,,,,,,,,,,,,,,,,,,,,,,,,,,,,,,,,,,,,,,,,,,,,,,,,,,
,,,,,,,,,,,,,,,,,,,,,,,,,,,,,,,,,,,,,,,,,,,,,,,,,,
,,,,,,,,,,,,,,,,,,,,,,,,,,,,,,,,,,,,,,,,,,,,,,,,,,
,,,,,,,,,,,,,,,,,,,,,,,,,,,,,,,,,,,,,,,,,,,,,,,,,,
,,,,,,,,,,,,,,,,,,,,,,,,,,,,,,,,,,,,,,,,,,,,,,,,,,
,,,,,,,,,,,,,,,,,,,,,,,,,,,,,,,,,,,,,,,,,,,,,,,,,,
,,,,,,,,,,,,,,,,,,,,,,,,,,,,,,,,,,,,,,,,,,,,,,,,,,
,,,,,,,,,,,,,,,,,,,,,,,,,,,,,,,,,,,,,,,,,,,,,,,,,,
,,,,,,,,,,,,,,,,,,,,,,,,,,,,,,,,,,,,,,,,,,,,,,,,,,
,,,,,,,,,,,,,,,,,,,,,,,,,,,,,,,,,,,,,,,,,,,,,,,,,,
,,,,,,,,,,,,,,,,,,,,,,,,,,,,,,,,,,,,,,,,,,,,,,,,,,
,,,,,,,,,,,,,,,,,,,,,,,,,,,,,,,,,,,,,,,,,,,,,,,,,,
,,,,,,,,,,,,,,,,,,,,,,,,,,,,,,,,,,,,,,,,,,,,,,,,,,
,,,,,,,,,,,,,,,,,,,,,,,,,,,,,,,,,,,,,,,,,,,,,,,,,,
,,,,,,,,,,,,,,,,,,,,,,,,,,,,,,,,,,,,,,,,,,,,,,,,,,
,,,,,,,,,,,,,,,,,,,,,,,,,,,,,,,,,,,,,,,,,,,,,,,,,,