name,HIP name,notes,off70,off100,flux70,nois70,star70,chi70,flux100,nois100,star100,chi100,flux160,nois160,star160,chi160,metals,program
HD 10700,HIP 8102,LX X,2.969,nan,287.289,2.81,185.42,10.515,nan,nan,nan,nan,75.705,5.553,35.491,6.898,-0.52,KPGT_golofs01_1
HD 22049,HIP 16537,LX Xx,2.73,nan,834.49,18.102,192.761,31.292,nan,nan,nan,nan,209.762,35.823,36.896,4.819,-0.03,KPGT_golofs01_1
HD 197481,HIP 102409,LX Xx,1.335,nan,223.253,2.802,15.918,71.179,nan,nan,nan,nan,200.088,7.287,3.047,27.034,nan,KPGT_golofs01_1
HD 39060,HIP 27321,LX Xx,0.501,nan,8990.61,62.63,48.2,142.676,nan,nan,nan,nan,3196.01,35.694,9.226,89.273,nan,KPGT_golofs01_1 SDP_golofs01_3
HD 14082B,HIP 10679,L XXx,nan,0,nan,nan,nan,nan,39.049,5.193,1.322,7.264,32.08,8.414,0.516,3.751,0.07,KPOT_bdent_1
nan,HIP 11437,L XXx,nan,2.138,nan,nan,nan,nan,80.788,5.709,0.997,13.976,50.48,5.678,0.39,8.822,nan,KPOT_bdent_1
HD 29391,HIP 21547,X_-,nan,0.515,nan,nan,nan,nan,30.074,5.555,6.466,4.243,-3.967,6.465,2.526,-1.004,nan,KPOT_bdent_1
HD 35850,HIP 25486,X_x,nan,1.531,nan,nan,nan,nan,48.643,2.829,4.654,15.497,19.372,6.515,1.818,2.694,0.29,KPOT_bdent_1
nan,2MASS J10423011-3340162,XX,nan,1.567,nan,nan,nan,nan,79.276,2.883,0,27.498,63.555,6.158,0,10.321,nan,KPOT_bdent_1
HD 38678,HIP 27288,XXx,nan,1.608,nan,nan,nan,nan,132.493,2.159,19.925,47.342,27.69,5.2,7.783,3.818,nan,KPOT_bdent_1 KPOT_bmatthew_1
HD 141569,HIP 77542,L XX,nan,2.614,nan,nan,nan,nan,3076.17,11.889,3.805,258.388,1277.47,12.905,1.486,98.874,nan,KPOT_bdent_1 KPOT_nevans_1
GJ 14,HIP 1368,LXXX,0.757,3.232,21.766,3.439,5.537,4.704,38.692,4.598,2.713,7.822,51.406,5.841,1.06,8.619,nan,KPOT_bmatthew_1
HD 1404,HIP 1473,X_,nan,0.303,nan,nan,nan,nan,30.54,2.385,7.532,9.529,14.684,5.424,2.942,2.164,nan,KPOT_bmatthew_1
HD 2262,HIP 2072,X_x,nan,2.836,nan,nan,nan,nan,33.548,2.5,15.913,6.722,4.485,4.827,6.216,-0.358,nan,KPOT_bmatthew_1
HD 3196,HIP 2762,X_-,nan,1.686,nan,nan,nan,nan,20.535,2.32,12.593,3.304,5.923,5.205,4.919,0.193,nan,KPOT_bmatthew_1
HD 4747,HIP 3850,X_-,nan,2.612,nan,nan,nan,nan,10.304,2.121,3.371,3.258,3.166,5.502,1.317,0.336,-0.22,KPOT_bmatthew_1
GJ 54,HIP 5496,X_,nan,1.607,nan,nan,nan,nan,11.963,2.112,4.784,3.378,1.533,4.134,1.869,-0.081,nan,KPOT_bmatthew_1
HD 7570,HIP 5862,X_-,nan,1.976,nan,nan,nan,nan,24.649,2.225,14.249,4.452,2.705,5.3,5.566,-0.539,0.16,KPOT_bmatthew_1
HD 11171,HIP 8497,LXXX,0.654,1.399,66.132,3.846,23.967,10.467,60.733,3.926,11.744,12.341,57.806,5.173,4.588,10.278,-0.02,KPOT_bmatthew_1
HD 13161,HIP 10064,LXXXx,1.164,0.682,674.263,4.159,74.537,107.391,510.113,5.395,36.523,83.149,245.544,6.464,14.267,35.563,nan,KPOT_bmatthew_1
HD 14055,HIP 10670,LXXXx,2.157,1.553,831.369,4.213,21.986,185.892,761.531,4.962,10.773,150.418,431.485,9.014,4.208,47.389,nan,KPOT_bmatthew_1
HD 20320,HIP 15197,LXXXx,2.792,2.943,96.847,2.986,18.131,25.225,92.951,3.378,8.884,24.674,48.424,5.066,3.47,8.868,nan,KPOT_bmatthew_1
HD 20794,HIP 15510,LXX_-,0.856,1.726,111.153,3.334,85.326,4.77,68.608,2.69,41.81,7.866,20.666,6.338,16.332,0.678,-0.41,KPOT_bmatthew_1
HD 22484,HIP 16852,LXX_x,1.105,0.623,131.142,4.049,58.51,14.54,73.515,4.622,28.67,9.267,21.785,5.076,11.199,2.073,-0.02,KPOT_bmatthew_1
HD 23281,HIP 17395,X_,nan,1.4,nan,nan,nan,nan,16.48,2.154,3.779,5.874,12.434,5.912,1.476,1.853,nan,KPOT_bmatthew_1
HD 23754,HIP 17651,L X_-,nan,0.405,nan,nan,nan,nan,36.791,4.271,22.058,3.34,7.153,5.262,8.616,-0.277,0.01,KPOT_bmatthew_1
HD 27290,HIP 19893,LXXX,1.338,2.643,174.389,4.256,33.359,30.852,156.34,5.946,16.346,23.325,107.858,6.835,6.385,14.83,nan,KPOT_bmatthew_1
HD 32450,HIP 23452,X_,nan,0.538,nan,nan,nan,nan,14.867,2.156,7.367,3.429,7.421,6.17,2.878,0.736,nan,KPOT_bmatthew_1
HD 39091,HIP 26394,_X_-,0.435,1.907,19.993,1.284,16.767,2.104,15.841,2.076,8.216,3.603,3.142,4.291,3.209,-0.016,0.05,KPOT_bmatthew_1
GJ 285,HIP 37766,X_,nan,2.983,nan,nan,nan,nan,11.295,2.221,3.319,3.581,12.057,7.397,1.296,1.455,nan,KPOT_bmatthew_1
HD 71243,HIP 40702,X_-,nan,0.538,nan,nan,nan,nan,35.001,2.339,25.108,3.727,24.869,5.672,9.808,2.645,nan,KPOT_bmatthew_1
HD 76932,HIP 44075,X_-,nan,1.678,nan,nan,nan,nan,14.345,2.251,7.462,3.017,6.154,5.825,2.915,0.556,-0.91,KPOT_bmatthew_1
HD 87696,HIP 49593,X_,nan,0.843,nan,nan,nan,nan,27.159,1.635,10.14,9.942,10.254,3.179,3.961,1.976,nan,KPOT_bmatthew_1
HD 88955,HIP 50191,X_,nan,0.98,nan,nan,nan,nan,20.693,2.241,13.105,3.25,17.535,4.478,5.119,2.768,nan,KPOT_bmatthew_1
HD 110411,HIP 61960,LXXXx,1.735,1.382,257.318,2.922,11.551,82.513,174.587,3.925,5.66,42.927,81.925,4.146,2.211,19.22,-1,KPOT_bmatthew_1
HD 111631,HIP 62687,XX,nan,1.066,nan,nan,nan,nan,16.014,2.289,4.958,4.802,19.311,3.537,1.937,4.91,0.1,KPOT_bmatthew_1
HD 115617,HIP 64924,LXXXx,1.834,1.62,194.022,3.719,50.657,31.862,145.436,4.526,24.822,25.7,100.431,7.991,9.696,11.334,0.05,KPOT_bmatthew_1
HD 115892,HIP 65109,X_-,nan,1.204,nan,nan,nan,nan,46.203,2.437,34.287,3.999,13.073,7.407,13.393,-0.043,nan,KPOT_bmatthew_1
HD 124580,HIP 69671,X_,nan,1.904,nan,nan,nan,nan,10.639,1.794,4.646,3.313,5.915,6.451,1.815,0.636,nan,KPOT_bmatthew_1
HD 125162,HIP 69732,LXXXx,2.587,2.099,367.171,3.812,22.675,86.621,293.294,5.068,11.111,55.348,155.108,5.584,4.34,26.98,-2.05,KPOT_bmatthew_1
HD 129502,HIP 71957,X_-,nan,0.563,nan,nan,nan,nan,41.985,2.164,27.864,5.487,15.193,5.433,10.884,0.789,nan,KPOT_bmatthew_1
HD 133640,HIP 73695,X_,nan,0.911,nan,nan,nan,nan,33.594,2.303,24.753,3.382,20.535,10.604,9.669,1.024,nan,KPOT_bmatthew_1
HD 139006,HIP 76267,LXXXx,0.81,1.866,562.253,2.887,109.026,73.473,263.752,3.816,53.423,45.154,66.251,3.974,20.868,11.045,nan,KPOT_bmatthew_1
HD 156164,HIP 84379,X_,nan,1.801,nan,nan,nan,nan,37.838,2.018,28.956,3.576,14.439,6.184,11.311,0.504,nan,KPOT_bmatthew_1
HD 160032,HIP 86486,X_-,nan,3.143,nan,nan,nan,nan,34.001,3.227,13.763,6.134,21.298,11.046,5.376,1.441,-0.31,KPOT_bmatthew_1
HD 172555,HIP 92024,XXx,nan,3.423,nan,nan,nan,nan,106.154,2.027,10.66,45.562,50.504,5.894,4.164,7.857,nan,KPOT_bmatthew_1
HD 180161,HIP 94346,X_-,nan,3.221,nan,nan,nan,nan,10.96,2.093,3.527,3.539,-5.203,6.373,1.378,-1.033,nan,KPOT_bmatthew_1
HD 179930,HIP 94739,X_,nan,2.286,nan,nan,nan,nan,12.44,2.13,3.016,4.413,-1.392,5.477,1.178,-0.469,nan,KPOT_bmatthew_1
HD 184006,HIP 95853,X_,nan,1.058,nan,nan,nan,nan,27.394,2.366,19.267,3.181,-3.388,5.529,7.526,-1.969,nan,KPOT_bmatthew_1
HD 188228,HIP 98495,LXXXx,0.486,0.937,64.792,3.51,19.333,12.487,53.148,3.86,9.473,11.231,33.381,4.368,3.7,6.789,nan,KPOT_bmatthew_1
HD 204961,HIP 106440,X_-,nan,3.242,nan,nan,nan,nan,15.938,2.07,8.702,3.421,1.397,5.825,3.399,-0.344,nan,KPOT_bmatthew_1
HD 213398,HIP 111188,X_,nan,1.35,nan,nan,nan,nan,35.527,2.474,8.034,10.969,5.276,7.477,3.138,0.286,0.01,KPOT_bmatthew_1
HD 213845,HIP 111449,X_-,nan,1.53,nan,nan,nan,nan,19.468,2.042,9.014,4.999,6.921,5.164,3.521,0.658,nan,KPOT_bmatthew_1
HD 215789,HIP 112623,X_-,nan,3.445,nan,nan,nan,nan,28.595,2.17,21.217,3.055,18.99,3.711,8.288,2.866,nan,KPOT_bmatthew_1
HD 218511,HIP 114361,XXX,1.433,3.258,13.195,1.316,6.394,5.022,17.533,2.529,3.133,5.683,20.351,4.432,1.224,4.315,nan,KPOT_bmatthew_1
HD 219571,HIP 114996,X_,nan,3.638,nan,nan,nan,nan,37.067,2.276,27.414,3.633,-0.215,4.7,10.709,-2.309,-0.27,KPOT_bmatthew_1
HD 222368,HIP 116771,X_-,nan,2.018,nan,nan,nan,nan,45.435,2.63,30.291,4.99,16.258,4.299,11.832,1.02,-0.09,KPOT_bmatthew_1
HD 223352,HIP 117452,XX,nan,0.338,nan,nan,nan,nan,29.777,2.257,6.31,10.297,17.79,5.097,2.465,3.006,nan,KPOT_bmatthew_1
GJ 4063,HIP 251234,XX,nan,2.226,nan,nan,nan,nan,9.468,2.379,1.846,3.201,16.85,5.119,0.721,3.151,nan,KPOT_bmatthew_1
nan,2MASS J22480446-2422075,XXX,2.579,2.517,5.4,1.24,0,4.355,12.264,2.429,0,5.049,21.054,4.027,0,5.228,nan,KPOT_bmatthew_1
HD 166,HIP 544,LXXXx,0.939,1.778,97.988,3.352,15.796,23.867,67.765,1.806,7.74,32.499,26.539,2.913,3.023,8.062,0.18,KPOT_bmatthew_1 KPOT_ceiroa_1
HD 17925,HIP 13402,LXXXx,0.937,1.454,74.221,2.576,21.224,19.022,60.345,1.803,10.4,26.616,35.663,3.562,4.062,8.857,0.18,KPOT_bmatthew_1 KPOT_ceiroa_1
HD 30495,HIP 22263,LXXXx,0.991,1.394,123.787,2.7,21.88,34.981,81.122,1.831,10.721,36.901,39.538,3.824,4.188,9.23,0.01,KPOT_bmatthew_1 KPOT_ceiroa_1
HD 110897,HIP 62207,LXXXx,0.626,0.997,71.974,4.19,13.743,13.714,57.499,2.996,6.734,16.838,39.895,5.186,2.631,7.183,-0.37,KPOT_bmatthew_1 KPOT_ceiroa_1
HD 131511,HIP 72848,LXX_-,1.245,3.427,38.342,2.942,22.976,4.865,22.779,2.271,11.258,4.924,8.992,5.308,4.398,0.865,0.17,KPOT_bmatthew_1 KPOT_ceiroa_1
HD 219482,HIP 114948,LXXXx,0.769,1.586,72.668,1.874,14.274,29.12,43.401,1.943,6.994,18.441,17.359,2.824,2.732,5.173,nan,KPOT_bmatthew_1 KPOT_ceiroa_1
HD 71155,HIP 41307,LXXXx,2.24,2.476,222.093,3.26,22.816,57.697,83.94,6.437,11.18,11.261,30.515,5.59,4.367,4.674,nan,KPOT_bmatthew_1 SDP_bmatthew_3
HD 95418,HIP 53910,LXXXx,1.264,0.71,433.157,3.274,94.435,58.952,217.637,3.517,46.273,40.706,74.772,3.922,18.075,14.087,0.16,KPOT_bmatthew_1 SDP_bmatthew_3
HD 102647,HIP 57632,LXXXx,2.289,0.248,778.097,3.38,144.031,79.704,502.582,14.927,70.575,28.165,165.255,5.551,27.568,24.073,nan,KPOT_bmatthew_1 SDP_bmatthew_3
HD 109085,HIP 61174,LXXXx,0.848,2.668,206.248,4.074,39.443,36.853,224.617,5.162,19.327,39.09,168.485,5.251,7.55,30.57,nan,KPOT_bmatthew_1 SDP_bmatthew_3
HD 128167,HIP 71284,X_,nan,2.824,nan,nan,nan,nan,39.331,2.803,16.346,7.872,11.159,6.894,6.385,0.692,-0.43,KPOT_bmatthew_1 SDP_bmatthew_3
HD 33262,HIP 23693,X_x,nan,2.735,nan,nan,nan,nan,35.926,2.3,17.646,7.421,11.938,4.936,6.893,1.02,-0.23,KPOT_bmatthew_1 SDP_bmatthew_3 AOTVAL_bmatthew_2
HD 5133,HIP 4148,_XXx,3.592,3.25,15.37,1.785,9.959,2.92,13.527,1.566,4.88,5.456,21.147,5.699,1.906,3.376,-0.04,KPOT_ceiroa_1
HD 9826,HIP 7513,XX-,nan,0.523,nan,nan,nan,nan,41.282,1.654,30.456,4.815,25.635,3.585,11.897,3.78,0.15,KPOT_ceiroa_1
HD 19994,HIP 14954,XXx,nan,4.7,nan,nan,nan,nan,37.866,1.499,14.266,14.216,28.703,4.794,5.573,4.817,0.19,KPOT_ceiroa_1
HD 23356,HIP 17420,LXXX-,1.254,1.391,27.527,3.149,9.604,5.627,22.372,1.711,4.706,10.229,11.499,2.305,1.838,4.188,-0.06,KPOT_ceiroa_1
HD 23484,HIP 17439,LXXXx,1.121,1.044,86.934,3.074,8.79,25.165,83.671,2.883,4.307,27.452,64.628,5.152,1.682,12.216,0.12,KPOT_ceiroa_1
HD 40307,HIP 27887,_X_-,0,3.963,7.225,2.384,10.241,-1.237,11.62,1.43,5.018,4.547,10.721,4.01,1.96,2.184,-0.28,KPOT_ceiroa_1
HD 40136,HIP 28103,X_-,nan,2.201,nan,nan,nan,nan,51.214,2.263,28.54,8.475,2.869,5.704,11.148,-1.445,-0.13,KPOT_ceiroa_1
HD 48682,HIP 32480,LXXXx,1.846,4.172,266.917,5.957,23.931,39.991,239.15,4.064,11.726,55.387,138.604,6.137,4.58,21.823,0.12,KPOT_ceiroa_1
HD 50692,HIP 33277,X__-,0.668,1.585,25.281,2.544,16.343,3.345,10.245,1.421,8.008,1.515,11.203,4.349,3.128,1.856,-0.18,KPOT_ceiroa_1
HD 72905,HIP 42438,X_x,nan,0.754,nan,nan,nan,nan,23.095,1.182,9.074,11.074,14.578,4.345,3.545,2.537,-0.08,KPOT_ceiroa_1
HD 76151,HIP 43726,X_x,nan,4.5,nan,nan,nan,nan,17.142,1.307,6.639,7.789,9.925,3.252,2.593,2.253,0.11,KPOT_ceiroa_1
HD 90839,HIP 51459,L X_-,nan,2.446,nan,nan,nan,nan,34.999,4.035,15.583,4.725,5.883,4.725,6.087,-0.043,-0.07,KPOT_ceiroa_1
HD 102438,HIP 57507,X__-,4.408,3.971,18.834,2.695,10.365,3.086,7.511,1.211,5.079,1.966,1.459,3.179,1.984,-0.165,-0.28,KPOT_ceiroa_1
HD 115953,HIP 65026,_X_,2.198,2.568,22.294,2.477,16.714,2.134,12.705,1.356,8.19,3.187,7.137,4.044,3.199,0.973,nan,KPOT_ceiroa_1
HD 117176,HIP 65721,L XXx,nan,1.85,nan,nan,nan,nan,43.445,1.83,21.355,10.426,31.875,2.104,8.342,10.971,-0.01,KPOT_ceiroa_1
HD 128165,HIP 71181,_X_-,0.3,0.788,16.596,2.163,10.365,2.801,11.628,1.021,5.079,6.225,3.183,2.154,1.984,0.556,0,KPOT_ceiroa_1
HD 132254,HIP 73100,X_-,nan,2.306,nan,nan,nan,nan,16.191,1.076,7.254,7.871,10.068,3.623,2.834,1.995,0.07,KPOT_ceiroa_1
HD 158633,HIP 85235,L XXx,nan,1.489,nan,nan,nan,nan,38.901,1.759,6.379,18.192,22.511,3.845,2.492,5.204,-0.4,KPOT_ceiroa_1
HD 199260,HIP 103389,XX_x,2.276,2.74,51.509,2.379,13.726,15.259,30.216,1.098,6.726,20.455,8.615,3.138,2.627,1.906,nan,KPOT_ceiroa_1
HD 206860,HIP 107350,X_x,nan,0.376,nan,nan,nan,nan,18.147,1.491,6.388,7.712,0.36,4.362,2.495,-0.489,-0.02,KPOT_ceiroa_1
HD 207129,HIP 107649,LXXXx,1.525,2.017,241.306,6.283,18.537,35.076,208.209,6.159,9.083,32.243,134.746,6.989,3.548,18.766,-0.03,KPOT_ceiroa_1
HD 217357,HIP 113576,X_-,nan,1.299,nan,nan,nan,nan,11.747,1.207,7.506,3.355,11.396,3.392,2.932,2.493,nan,KPOT_ceiroa_1
HD 20807,HIP 15371,LXXXx,0.606,2.104,44.778,2.208,26.514,7.092,36.836,3.079,12.992,7.577,40.555,5,5.075,7.087,-0.26,KPOT_ceiroa_1 AOTVAL_ceiroa_2
HD 10647,HIP 7978,LXXXx,2.108,0.49,860.321,6.115,17.245,136.52,957.042,37.788,8.45,25.101,493.958,11.127,3.301,44.091,-0.08,KPOT_ceiroa_1 SDP_ceiroa_3
HD 1100,HIP 1230,X_,nan,0.89,nan,nan,nan,nan,9.764,2.007,3.545,3.087,-1.738,3.88,1.385,-0.805,nan,OT1_abonsor_1
HD 131496,HIP 72845,X_,nan,2.35,nan,nan,nan,nan,12.645,2.058,2.964,4.692,6.13,4.895,1.158,1.016,nan,OT1_abonsor_1
HD 142091,HIP 77655,L XX,nan,1.063,nan,nan,nan,nan,360.145,2.769,42.59,90.908,193.884,4.893,16.637,35.712,-0.04,OT1_abonsor_1
HD 208585,HIP 108331,X_,nan,1.616,nan,nan,nan,nan,16.32,1.931,2.401,7.194,17.72,6.173,0.938,2.719,nan,OT1_abonsor_1
HD 210702,HIP 109577,L XX,nan,1.397,nan,nan,nan,nan,90.758,3.955,13.694,19.2,41.478,7.355,5.349,4.909,nan,OT1_abonsor_1
HD 128311,HIP 71395,LX Xx,0.863,nan,22.255,1.414,7.357,10.197,nan,nan,nan,nan,15.264,2.614,1.408,5.299,0.2,OT1_amoromar_1
HD 192263,HIP 99711,LX _x,0.561,nan,24.607,1.439,5.129,13.326,nan,nan,nan,nan,10.93,5.119,0.982,1.943,0.05,OT1_amoromar_1
GJ 581,HIP 74995,LXXX-,1.334,0.345,22.64,1.877,5.925,8.797,25.422,2.865,2.903,7.85,20.236,2.635,1.134,7.248,nan,OT1_amoromar_1 KPOT_bmatthew_1
HD 218396,HIP 114189,LXXX,1.65,1.26,390.98,4.274,7.182,89.483,463.141,7.685,3.519,59.792,340.862,18.785,1.375,18.072,nan,OT1_bmatthew_4 GT1_vgeers_1
HD 15407,HIP 11696,XX_,1.179,1.384,55.782,2.253,14.398,17.497,28.005,1.461,7.055,13.939,11.918,5.361,2.756,1.708,nan,OT1_bzuckerm_1
nan,HD 121191,X X,0.903,nan,255.62,3.186,0,80.232,nan,nan,nan,nan,73.111,7.874,0,9.285,nan,OT1_bzuckerm_1
nan,HD 131488,XX,nan,2.125,nan,nan,nan,nan,349.842,3.587,0,97.531,180.566,7.309,0,24.705,nan,OT1_bzuckerm_1
nan,HD 23514,XX_,0.877,0.226,15.526,2.124,0,7.31,8.247,1.33,0,6.201,9.562,5.426,0,1.762,nan,OT1_bzuckerm_1
HD 15745,HIP 11847,L XXx,nan,0.186,nan,nan,nan,nan,479.81,6.204,1.04,77.168,249.675,8.47,0.406,29.43,nan,OT1_ckiss_1
HD 16743,HIP 12361,L XXx,nan,0.658,nan,nan,nan,nan,362.295,5.59,1.959,64.451,214.33,6.697,0.765,31.889,nan,OT1_ckiss_1
HD 106906,HIP 59960,L XXx,nan,2.683,nan,nan,nan,nan,158.682,7.149,1.075,22.045,64.877,13.725,0.42,4.696,nan,OT1_ckiss_1
HD 110058,HIP 61782,L XX,nan,0.987,nan,nan,nan,nan,224.361,4.034,0.477,55.498,87.161,5.198,0.186,16.732,nan,OT1_ckiss_1
HD 114082,HIP 64184,L XXx,nan,0.102,nan,nan,nan,nan,280.549,14.662,0.763,19.082,187.024,31.941,0.298,5.846,nan,OT1_ckiss_1
HD 115600,HIP 64995,L XXx,nan,0.932,nan,nan,nan,nan,147.019,9.117,0.537,16.067,85.082,18.635,0.21,4.554,nan,OT1_ckiss_1
HD 191089,HIP 99273,XXx,nan,0.056,nan,nan,nan,nan,424.229,2.834,1.837,148.966,221.296,7.469,0.718,29.532,nan,OT1_ckiss_1
HD 221853,HIP 116431,L XXx,nan,1.003,nan,nan,nan,nan,231.437,3.99,1.213,57.694,123.235,5.743,0.474,21.376,nan,OT1_ckiss_1
nan,HD 121617,XX,nan,1.515,nan,nan,nan,nan,1003.62,2.753,0,364.557,405.529,5.522,0,73.439,nan,OT1_ckiss_1
nan,HD 192758,XX,nan,0.54,nan,nan,nan,nan,366.243,2.694,0,135.948,190.168,5.65,0,33.658,nan,OT1_ckiss_1
nan,HD 3670,XX,nan,1.416,nan,nan,nan,nan,125.537,2.794,0,44.931,70.775,11.284,0,6.272,nan,OT1_ckiss_1
HD 38206,HIP 26966,LX Xx,0.603,nan,365.11,2.97,4.173,121.229,nan,nan,nan,nan,188.866,6.481,0.799,29.018,0.06,OT1_ckiss_1 OT2_fmorales_2
HD 219025,HIP 114678,XXX,1.535,1.472,2747.74,3.173,224.688,216.129,1848.19,4.423,110.097,246.133,749.826,12.295,43.007,56.629,nan,OT1_cmelis_1
nan,2MASS J00291859+0952308,XXX,0,0,75.343,2.499,0,30.149,48.449,2.076,0,23.338,54.947,5.226,0,10.514,nan,OT1_cmelis_1
nan,2MASS J01174349-5233307,XXX,3.466,3.427,691.875,2.688,0,257.394,513.397,2.84,0,180.774,284.702,7.03,0,40.498,nan,OT1_cmelis_1
nan,2MASS J10230988+6136434,XXX,2.256,2.633,78.323,2.349,0,33.343,51.891,2.69,0,19.29,30.256,5.709,0,5.3,nan,OT1_cmelis_1
nan,2MASS J12295501-3549286,XXX,1.14,1.07,384.481,2.447,0,157.123,122.595,3.107,0,39.458,40.176,7.294,0,5.508,nan,OT1_cmelis_1
nan,2MASS J12354033-6539414,XXX,0.653,0.606,5569.09,20.68,0,269.298,4564.01,32.857,0,138.905,4134.83,145.173,0,28.482,nan,OT1_cmelis_1
nan,2MASS J13221772+6233380,XXX,1.216,1.083,51.552,1.719,0,29.99,39.236,1.147,0,34.207,20.259,3.207,0,6.317,nan,OT1_cmelis_1
nan,2MASS J13343740-5853322,XXX,1.211,1.266,3515.34,4.091,0,859.288,2239.16,7.391,0,302.959,979.666,25.972,0,37.72,nan,OT1_cmelis_1
nan,2MASS J18030677-3951538,XXX,0.434,0.374,469.624,2.81,0,167.126,318.775,2.907,0,109.658,158.269,4.789,0,33.048,nan,OT1_cmelis_1
nan,2MASS J19310123+0523533,XXX,1.131,1.115,2510.26,3.62,0,693.444,1722.26,10.035,0,171.626,868.655,12.942,0,67.119,nan,OT1_cmelis_1
nan,2MASS J20111681+3730522,XXX,0.56,0.532,2514.94,3.449,0,729.182,1630.01,5.062,0,322.011,702.334,12.222,0,57.465,nan,OT1_cmelis_1
nan,2MASS J22080571+4802097,XXX,3.956,3.992,462.492,2.439,0,189.624,288.361,4.045,0,71.288,124.38,9.404,0,13.226,nan,OT1_cmelis_1
nan,2MASS J23222469-0213414,XXX,1.923,1.873,2347.36,3.315,0,708.103,1463.44,2.995,0,488.629,617.469,8.927,0,69.169,nan,OT1_cmelis_1
nan,CD-30 11814,XX_,4.814,4.966,69.337,2.733,0,25.37,36.477,1.689,0,21.597,22.221,9.708,0,2.289,nan,OT1_cmelis_1
nan,HD 233517,XXX,2.099,2.067,6334.26,5.605,0,1130.11,5000.61,6.118,0,817.361,2477.18,21.792,0,113.674,nan,OT1_cmelis_1
nan,TYC 4004-1409-1,XX_,2.026,1.857,61.827,2.56,0,24.151,37.095,2.197,0,16.884,4.881,14.495,0,0.337,nan,OT1_cmelis_1
nan,TYC 6312-824-1,XXX,2.92,2.898,224.233,2.959,0,75.78,117.886,2.506,0,47.042,41.659,5.491,0,7.587,nan,OT1_cmelis_1
nan,TYC 6687-100-1,X X,2.097,nan,196.839,3.243,0,60.697,nan,nan,nan,nan,65.302,7.126,0,9.164,nan,OT1_cmelis_1
HD 100764,HIP 56551,XX,nan,2.037,nan,nan,nan,nan,5399.8,15.062,44.366,351.765,2879.21,38.034,17.331,75.226,nan,OT1_cmelis_1 KPGT_mgroen01_1
HD 7112,HIP 5462,LX X,3.209,nan,25.017,2.354,0.937,10.228,nan,nan,nan,nan,29.758,4.595,0.179,6.437,nan,OT1_dpadgett_1
HD 8686,HIP 6679,X _,2.424,nan,20.554,1.574,3.537,10.744,nan,nan,nan,nan,5.719,3.373,0.677,1.495,nan,OT1_dpadgett_1
HD 21086,HIP 15937,X X,0.688,nan,24.258,2.221,1.398,10.288,nan,nan,nan,nan,109.969,27.447,0.268,3.997,nan,OT1_dpadgett_1
HD 23208,HIP 17338,X _,2.264,nan,36.036,2.265,1.945,15.037,nan,nan,nan,nan,11.049,9.564,0.372,1.116,nan,OT1_dpadgett_1
HD 23380,HIP 17391,X _,1.756,nan,16.435,1.568,1.186,9.718,nan,nan,nan,nan,8.52,5.353,0.227,1.549,nan,OT1_dpadgett_1
HD 23586,HIP 17657,X _,2.594,nan,15.189,2.324,0.712,6.229,nan,nan,nan,nan,7.388,9.868,0.136,0.735,nan,OT1_dpadgett_1
HD 24636,HIP 17764,X _,0.521,nan,34.73,1.683,3.131,18.695,nan,nan,nan,nan,-0.047,5.486,0.599,-0.118,nan,OT1_dpadgett_1
HD 24649,HIP 18187,LX X,1.627,nan,70.888,2.705,3.855,24.718,nan,nan,nan,nan,57.143,6.142,0.738,9.183,nan,OT1_dpadgett_1
HD 26736,HIP 19793,LX _,1.376,nan,43.18,2.295,2.831,17.548,nan,nan,nan,nan,18.921,6.735,0.542,2.729,nan,OT1_dpadgett_1
HD 28069,HIP 20693,LX X,0.566,nan,73.202,3.065,3.502,22.704,nan,nan,nan,nan,57.638,7.408,0.67,7.69,nan,OT1_dpadgett_1
HD 28287,HIP 20737,X _,0.783,nan,7.224,1.45,1.91,3.657,nan,nan,nan,nan,-0.849,4.024,0.366,-0.302,nan,OT1_dpadgett_1
HD 282477,HIP 22410,X X,2.346,nan,19.4,1.559,0.708,11.987,nan,nan,nan,nan,20.679,6.023,0.136,3.411,nan,OT1_dpadgett_1
HD 35289,HIP 25020,X _,1.056,nan,11.891,1.465,1.361,7.18,nan,nan,nan,nan,0.334,4.764,0.261,0.015,nan,OT1_dpadgett_1
HD 35416,HIP 25183,X _,1.339,nan,18.174,1.373,2.547,11.333,nan,nan,nan,nan,12.874,4.683,0.487,2.645,nan,OT1_dpadgett_1
HD 37546,HIP 26588,LX _,0.602,nan,49.689,4.371,1.084,11.119,nan,nan,nan,nan,22.988,27.417,0.207,0.831,nan,OT1_dpadgett_1
HD 37852,HIP 26621,X X,1.638,nan,13.578,1.363,1.52,8.833,nan,nan,nan,nan,26.568,3.891,0.291,6.753,nan,OT1_dpadgett_1
HD 37487,HIP 26625,X _,0.662,nan,26.498,1.574,1.522,15.849,nan,nan,nan,nan,3.297,5.798,0.291,0.518,nan,OT1_dpadgett_1
HD 38397,HIP 26990,LX X,1.166,nan,135.569,2.273,2.035,58.689,nan,nan,nan,nan,142.96,4.696,0.39,30.36,nan,OT1_dpadgett_1
HD 38273,HIP 27069,LX _,0.607,nan,42.025,4.771,1.357,8.523,nan,nan,nan,nan,36.112,13.234,0.26,2.709,nan,OT1_dpadgett_1
HD 59659,HIP 36312,LX X,1.701,nan,33.624,2.112,1.327,15.285,nan,nan,nan,nan,23.661,5.553,0.254,4.215,nan,OT1_dpadgett_1
HD 83033,HIP 46679,X X,0.75,nan,20.474,1.616,1.167,11.939,nan,nan,nan,nan,23.634,3.441,0.223,6.803,nan,OT1_dpadgett_1
HD 88463,HIP 49911,X X,1.618,nan,24.464,1.473,1.486,15.58,nan,nan,nan,nan,11.44,3.088,0.284,3.613,nan,OT1_dpadgett_1
HD 94131,HIP 52947,LX X,0.804,nan,208.709,2.924,2.069,70.626,nan,nan,nan,nan,93.144,4.087,0.396,22.693,nan,OT1_dpadgett_1
HD 102458,HIP 57524,X _-,1.082,nan,4.857,1.128,1.274,3.172,nan,nan,nan,nan,-4.542,4.137,0.244,-1.157,nan,OT1_dpadgett_1
HD 107649,HIP 60348,X _,0.448,nan,8.122,1.673,0.737,4.413,nan,nan,nan,nan,8.181,4.791,0.141,1.678,nan,OT1_dpadgett_1
HD 111347,HIP 62492,X _,0.744,nan,13.761,1.705,1.467,7.204,nan,nan,nan,nan,-3.543,6.967,0.281,-0.549,nan,OT1_dpadgett_1
HD 111520,HIP 62657,LX X,0.714,nan,208.329,3.133,0.706,66.265,nan,nan,nan,nan,110.589,3.876,0.135,28.497,nan,OT1_dpadgett_1
HD 115371,HIP 64837,X _,1.433,nan,19.51,1.588,1.733,11.178,nan,nan,nan,nan,7.097,5.083,0.332,1.331,nan,OT1_dpadgett_1
HD 117620,HIP 66075,X _,0.958,nan,22.982,1.768,1.467,12.158,nan,nan,nan,nan,-8.62,7.802,0.281,-1.141,nan,OT1_dpadgett_1
HD 119152,HIP 66837,X X,2.634,nan,25.111,1.456,1.79,15.987,nan,nan,nan,nan,20.774,5.141,0.343,3.974,nan,OT1_dpadgett_1
HD 120178,HIP 67428,X _,0.775,nan,8.248,1.726,0.765,4.334,nan,nan,nan,nan,0.717,8.817,0.146,0.065,nan,OT1_dpadgett_1
HD 120362,HIP 67837,X _,2.611,nan,17.209,1.295,1.061,12.459,nan,nan,nan,nan,9.411,3.389,0.203,2.717,nan,OT1_dpadgett_1
HD 121189,HIP 67970,X _,1.488,nan,24.544,1.48,0.733,16.084,nan,nan,nan,nan,-3.063,6.121,0.14,-0.523,nan,OT1_dpadgett_1
HD 133803,HIP 73990,X X,2.834,nan,21.303,1.443,1.016,14.05,nan,nan,nan,nan,28.853,4.365,0.195,6.566,nan,OT1_dpadgett_1
HD 137949,HIP 75848,LX X,2.927,nan,73.372,2.445,2.741,28.843,nan,nan,nan,nan,39.488,3.452,0.525,11.287,0.94,OT1_dpadgett_1
HD 139731,HIP 76782,LX _,0.904,nan,101.912,3.452,1.486,29.085,nan,nan,nan,nan,0.888,34.328,0.284,0.018,nan,OT1_dpadgett_1
HD 140614,HIP 77094,LX X,1.746,nan,114.293,2.674,2.847,41.619,nan,nan,nan,nan,49.282,2.658,0.545,18.335,nan,OT1_dpadgett_1
HD 145504,HIP 79383,X _,0.584,nan,5.988,1.45,0.592,3.721,nan,nan,nan,nan,-1.596,5.258,0.113,-0.325,nan,OT1_dpadgett_1
HD 146621,HIP 79677,X _,0.752,nan,14.232,1.451,1.539,8.736,nan,nan,nan,nan,-1.463,5.638,0.294,-0.312,nan,OT1_dpadgett_1
HD 149807,HIP 81400,X _,0.335,nan,32.614,1.73,1.612,17.901,nan,nan,nan,nan,29.326,9.993,0.309,2.904,nan,OT1_dpadgett_1
HD 151376,HIP 82218,X _,0.587,nan,8.25,1.221,0.655,6.218,nan,nan,nan,nan,0.139,4.756,0.125,0.003,nan,OT1_dpadgett_1
HD 151360,HIP 82250,X _,0.305,nan,24.357,1.511,0.357,15.882,nan,nan,nan,nan,23.468,9.006,0.068,2.598,nan,OT1_dpadgett_1
2MASS J1721,HIP 84914,X X,1.927,nan,16.049,1.529,0.874,9.921,nan,nan,nan,nan,24.957,3.952,0.167,6.273,nan,OT1_dpadgett_1
HD 159502,HIP 85951,X _,1.343,nan,9.209,1.348,1.037,6.058,nan,nan,nan,nan,6.186,4.574,0.198,1.309,nan,OT1_dpadgett_1
HD 160305,HIP 86598,X X,1.014,nan,31.614,1.711,1.378,17.657,nan,nan,nan,nan,22.547,4.506,0.264,4.945,nan,OT1_dpadgett_1
HD 176894,HIP 93327,X X,2.852,nan,49.8,1.742,1.91,27.45,nan,nan,nan,nan,116.369,7.792,0.366,14.887,nan,OT1_dpadgett_1
HD 179520,HIP 94491,X _,1.577,nan,24.177,1.576,3.502,13.038,nan,nan,nan,nan,6.243,6.272,0.67,0.888,nan,OT1_dpadgett_1
HD 183970,HIP 95938,LX X,0.558,nan,83.285,2.832,2.229,28.599,nan,nan,nan,nan,59.317,5.863,0.427,10.044,nan,OT1_dpadgett_1
HD 186025,HIP 96908,X _,0.689,nan,12.884,2.139,0.922,5.591,nan,nan,nan,nan,5.23,7.328,0.177,0.69,nan,OT1_dpadgett_1
HD 189002,HIP 98304,X X,2.345,nan,34.648,1.721,0.5,19.84,nan,nan,nan,nan,52.108,10.141,0.096,5.129,nan,OT1_dpadgett_1
HD 198093,HIP 102655,X X,0.888,nan,31.394,1.398,1.645,21.243,nan,nan,nan,nan,32.911,5.833,0.315,5.588,nan,OT1_dpadgett_1
HD 223408,HIP 117481,LX X,1.197,nan,73.171,3.411,4.81,19.992,nan,nan,nan,nan,20.872,5.345,0.921,3.733,nan,OT1_dpadgett_1
nan,2MASS J08414620+1158296,X _,1.157,nan,11.723,1.362,0,8.607,nan,nan,nan,nan,6.139,4.253,0,1.443,nan,OT1_dpadgett_1
nan,2MASS J10204853-1343164,X _,1.12,nan,7.441,1.509,0,4.931,nan,nan,nan,nan,11.171,4.527,0,2.468,nan,OT1_dpadgett_1
nan,2MASS J17295506-5415487,X _,2.255,nan,7.241,1.516,0,4.776,nan,nan,nan,nan,10.258,11.81,0,0.869,nan,OT1_dpadgett_1
nan,2MASS J20505008+5728212,X X,2.467,nan,13.92,1.735,0,8.023,nan,nan,nan,nan,29.533,6.349,0,4.652,nan,OT1_dpadgett_1
nan,2MASS J23544017-6051340,X X,1.181,nan,27.127,1.375,0,19.729,nan,nan,nan,nan,36.157,3.509,0,10.304,nan,OT1_dpadgett_1
nan,HD 124520,X X,1.17,nan,55.012,1.752,0,31.4,nan,nan,nan,nan,117.961,6.887,0,17.128,nan,OT1_dpadgett_1
nan,HD 278932,X X,0.746,nan,116.416,2.57,0,45.298,nan,nan,nan,nan,82.035,8.542,0,9.604,nan,OT1_dpadgett_1
nan,HD 48780,X _,1.418,nan,9.552,1.553,0,6.151,nan,nan,nan,nan,9.054,4.201,0,2.155,nan,OT1_dpadgett_1
nan,HD 77056,X _,2.343,nan,20.747,1.63,0,12.728,nan,nan,nan,nan,19.532,11.509,0,1.697,nan,OT1_dpadgett_1
nan,HD 89452,X X,0.695,nan,66.178,1.362,0,48.589,nan,nan,nan,nan,77.568,4.391,0,17.665,nan,OT1_dpadgett_1
HD 1461,HIP 1499,L XXx,nan,0.717,nan,nan,nan,nan,64.459,2.032,4.646,29.245,41.33,2.717,1.815,14.536,0.18,OT1_gbryden_1
HD 5388,HIP 4311,X_,nan,3.017,nan,nan,nan,nan,25.137,1.774,2.678,12.624,15.544,7.517,1.046,1.929,nan,OT1_gbryden_1
HD 8907,HIP 6878,LX Xx,1.521,nan,261.31,5.719,5.625,44.654,nan,nan,nan,nan,198.17,14.37,1.077,13.716,-0.02,OT1_gbryden_1
HD 38529,HIP 27253,LX Xx,1.101,nan,88.737,1.711,21.886,32.915,nan,nan,nan,nan,25.902,4.643,4.189,4.672,0.45,OT1_gbryden_1
HD 38858,HIP 27435,LX Xx,1.132,nan,163.976,2.748,14.682,52.488,nan,nan,nan,nan,97.411,14.433,2.81,6.554,-0.23,OT1_gbryden_1
HD 40979,HIP 28767,X_-,nan,0.262,nan,nan,nan,nan,10.067,1.72,3.016,4.084,5.118,3.891,1.178,1.012,0.17,OT1_gbryden_1
HD 53143,HIP 33690,LX X,2.396,nan,215.209,2.219,8.702,91.324,nan,nan,nan,nan,151.025,4.468,1.666,33.423,0.22,OT1_gbryden_1
HD 72659,HIP 42030,X_-,nan,0.576,nan,nan,nan,nan,11.106,1.33,1.733,7.032,6.819,4.372,0.677,1.405,0,OT1_gbryden_1
HD 82943,HIP 47007,LX Xx,4.335,nan,124.154,1.799,7.729,63.273,nan,nan,nan,nan,74.191,3.16,1.479,23.004,0.27,OT1_gbryden_1
HD 106252,HIP 59610,X_-,nan,2.279,nan,nan,nan,nan,6.933,1.436,1.794,3.572,2.798,3.514,0.701,0.597,-0.08,OT1_gbryden_1
HD 139664,HIP 76829,LX Xx,0.74,nan,654.01,3.17,29.52,178.589,nan,nan,nan,nan,333.533,4.526,5.65,72.304,nan,OT1_gbryden_1
HD 169830,HIP 90485,X_-,nan,2.356,nan,nan,nan,nan,16.146,2.286,5.443,4.649,12.274,6.032,2.126,1.682,0.15,OT1_gbryden_1
HD 187085,HIP 97546,L XX-,nan,0.837,nan,nan,nan,nan,18.177,1.981,2.323,7.989,13.593,2.337,0.907,5.427,0.09,OT1_gbryden_1
HD 187897,HIP 97779,LX Xx,0.715,nan,55.36,1.885,4.529,26.774,nan,nan,nan,nan,35.149,5.02,0.867,6.829,0.1,OT1_gbryden_1
HD 216435,HIP 113044,LX Xx,1.113,nan,44.92,1.871,12.116,16.68,nan,nan,nan,nan,24.49,2.227,2.319,9.942,0.24,OT1_gbryden_1
HD 11413,HIP 8593,L XXx,nan,1.718,nan,nan,nan,nan,60.203,1.969,2.921,29.012,43.558,2.38,1.141,17.817,-1.5,OT1_hmaness_1
HD 221756,HIP 116354,XXx,nan,1.427,nan,nan,nan,nan,27.401,1.228,3.267,19.481,18.729,2.866,1.276,6.088,-0.5,OT1_hmaness_1
nan,HD 198160,X_,nan,1.705,nan,nan,nan,nan,34.984,1.678,0,20.849,12.849,5.558,0,2.312,nan,OT1_hmaness_1
HD 31295,HIP 22845,L XXx,nan,1.012,nan,nan,nan,nan,388.722,4.588,6.951,82.973,212.158,8.913,2.715,23.496,-0.85,OT1_hmaness_1 KPOT_bmatthew_1
HD 92945,HIP 52462,LX Xx,0.669,nan,292.495,2.351,5.147,121.498,nan,nan,nan,nan,329.418,7.533,0.985,43.598,0.13,OT1_jlestrad_1 OT1_gbryden_1
2MASS J0154,HIP 8920,XX_,0.753,1.504,45.474,2.479,11.957,13.144,18.561,0.864,5.859,13.923,8.332,2.532,2.289,2.384,nan,OT1_jolofsso_1
HD 113766,HIP 63975,XXXx,0.397,1.057,416.107,2.7,19.598,138.045,231.865,1.927,9.603,111.919,102.038,4.083,3.751,24.047,nan,OT1_jolofsso_1
HD 145263,HIP 79288,XXX,0.783,0.788,193.774,3.342,32.465,43.417,116.79,3.032,15.908,32.183,61.913,11.518,6.214,4.834,nan,OT1_jolofsso_1
HD 169666,HIP 89770,XX_x,2.616,2.398,24.366,2.956,5.147,6.477,10.845,1.404,2.522,5.904,-0.005,4.085,0.985,-0.242,nan,OT1_jolofsso_1
nan,2MASS J08101691-4856291,XXX,3.311,3.329,92.922,2.812,0,33.045,63.041,1.821,0,34.619,47.006,6.625,0,7.095,nan,OT1_jolofsso_1
nan,TYC 5241-986-1,X X,1.423,nan,8.674,1.458,0,5.949,nan,nan,nan,nan,20.075,4.754,0,4.223,nan,OT1_jolofsso_1
HD 10939,HIP 8241,LXXX,4.166,4.264,381.115,2.2,8.508,166.286,387.42,2.658,4.169,143.746,239.83,3.933,1.629,60.552,nan,OT1_pabraham_2
HD 17848,HIP 13141,LXXX,1.363,1.315,195.588,2.173,9.02,84.065,189.109,2.377,4.42,77.365,115.346,3.191,1.727,35.593,nan,OT1_pabraham_2
HD 50571,HIP 32775,LXXX,2.112,2.114,211.824,2.849,8.153,70.768,234.872,3.605,3.995,63.945,155.05,4.853,1.56,31.624,nan,OT1_pabraham_2
HD 95086,HIP 53524,LXXX,3.493,3.42,662.515,3.356,2.141,196.674,629.321,3.558,1.049,176.561,411.39,5.462,0.41,75.243,nan,OT1_pabraham_2
HD 161868,HIP 87108,LXXXx,0.477,0.57,1145.74,5.549,29.08,194.666,928.146,8.543,14.249,106.606,479.269,9.529,5.566,49.691,nan,OT1_pabraham_2
HD 170773,HIP 90936,LXXX,2.597,1.348,726.973,3.781,7.341,189.438,1008.16,6.288,3.597,159.694,728.357,10.909,1.405,66.636,nan,OT1_pabraham_2
HD 182681,HIP 95619,LXXX,0.605,0.607,576.322,3.317,5.112,171.698,438.036,4.658,2.505,93.468,213.946,8.925,0.979,23.862,nan,OT1_pabraham_2
HD 195627,HIP 101612,LXXXx,0.761,0.691,573.24,3.144,20.375,167.284,532.052,4.613,9.984,112.516,291.985,6.193,3.9,46.495,nan,OT1_pabraham_2
HD 9672,HIP 7345,LXXX,0.365,0.412,2080.38,7.014,5.484,295.597,1806.16,7.847,2.687,229.796,966.582,10.57,1.05,91.345,nan,OT1_pabraham_2 KPOT_bdent_1
HD 33636,HIP 24205,XXx,nan,0.554,nan,nan,nan,nan,39.862,1.82,2.444,20.513,25.578,4.631,0.955,5.317,-0.13,OT1_sdodsonr_1
HD 105211,HIP 59072,XXXx,3.385,3.447,336.52,4.569,40.345,59.3,335.975,12.829,19.769,24.575,335.569,77.432,7.722,4.234,nan,OT1_sdodsonr_1
HD 50554,HIP 33212,LXXXx,0.86,0.949,46.902,2.21,5.678,18.502,36.107,3.631,2.782,9.171,18.304,5.449,1.087,3.16,-0.07,OT1_sdodsonr_1 OT1_amoromar_1
HD 52265,HIP 33719,LXX_x,0.413,0.726,41.914,2.815,8.296,11.815,33.745,5.875,4.065,5.049,-7.43,18.793,1.588,-0.48,0.19,OT1_sdodsonr_1 OT1_amoromar_1
HD 202206,HIP 104903,LXXXx,0.468,0.515,31.09,1.591,2.353,18.013,41.355,2.025,1.153,19.845,30.22,2.658,0.45,11.2,0.35,OT1_sdodsonr_1 OT1_amoromar_1
HD 100546,HIP 56379,XX,nan,0.636,nan,nan,nan,nan,116126,114.713,282.562,1002.29,52549.4,484.917,110.376,108.133,nan,OT1_wthi01_1 OT2_mhogerhe_2 OT1_mhogerhe_1 KPOT_bdent_1 GT1_golofs01_4
HD 131835,HIP 73145,LXXX,0.234,0.827,725.491,4.879,1.026,148.478,596.015,5.752,0.503,103.53,349.823,5.563,0.197,62.848,nan,OT2_amoor_3
HD 21997,HIP 16449,LXXX,1.297,1.542,671.367,2.942,3.006,226.883,618.638,3.664,1.473,168.406,361.719,5.39,0.575,67.002,nan,OT2_amoor_3 OT1_pabraham_2
HD 5578,HIP 4448,X X,1.628,nan,8.683,1.952,2.706,3.055,nan,nan,nan,nan,20.994,4.488,0.518,4.562,nan,OT2_amoor_4
HD 25402,HIP 18714,X _,1.856,nan,7.857,1.672,2.141,3.412,nan,nan,nan,nan,-9.19,6.523,0.41,-1.472,nan,OT2_amoor_4
nan,2MASS J04524951-1955016,X X,1.709,nan,15.003,1.497,0,10.022,nan,nan,nan,nan,26.978,5.277,0,5.112,nan,OT2_amoor_4
nan,2MASS J05510116-5238126,X _,2.078,nan,5.402,1.077,0,5.016,nan,nan,nan,nan,-3.859,3.968,0,-0.973,nan,OT2_amoor_4
nan,BD-19 1062,X _,1.71,nan,6.653,1.398,0,4.759,nan,nan,nan,nan,3.421,4.797,0,0.713,nan,OT2_amoor_4
nan,HD 272836,X _,1.549,nan,3.442,1.102,0,3.123,nan,nan,nan,nan,0.336,5.489,0,0.061,nan,OT2_amoor_4
nan,HD 48370,X X,0.583,nan,146.228,1.756,0,83.273,nan,nan,nan,nan,191.726,12.588,0,15.231,nan,OT2_amoor_4
nan,HD 51797,X _,2.12,nan,4.149,1.354,0,3.064,nan,nan,nan,nan,-7.35,7.032,0,-1.045,nan,OT2_amoor_4
HD 105,HIP 490,L XXx,nan,0.918,nan,nan,nan,nan,168.854,5.236,1.638,31.932,131.283,8.89,0.64,14.695,0.08,OT2_aroberge_3 KPOT_bdent_1
HD 1466,HIP 1481,X _x,0.957,nan,15.58,1.11,3.112,11.123,nan,nan,nan,nan,3.312,4.72,0.596,0.575,nan,OT2_aroberge_3 KPOT_bdent_1
HD 3003,HIP 2578,X_x,nan,0.674,nan,nan,nan,nan,25.055,3.387,4.307,6.113,-1.948,6.974,1.682,-0.521,nan,OT2_aroberge_3 KPOT_bdent_1
HD 12039,HIP 9141,X _-,1.841,nan,15.214,1.21,2.388,10.549,nan,nan,nan,nan,6.585,5.33,0.457,1.15,nan,OT2_aroberge_3 KPOT_bdent_1
HD 30051,HIP 21965,XX_,1.049,0.361,29.903,1.328,3.555,19.665,14.747,1.933,1.742,6.721,8.647,5.676,0.68,1.404,nan,OT2_aroberge_3 KPOT_bdent_1
HD 32297,HIP 23451,L XX,nan,1.255,nan,nan,nan,nan,803.551,5.18,0.388,155.05,431.389,10.419,0.152,41.39,nan,OT2_aroberge_3 KPOT_bdent_1
HD 109573,HIP 61498,L XXx,nan,2.701,nan,nan,nan,nan,3644.34,13.576,2.643,268.233,1635.95,18.787,1.032,87.024,nan,OT2_aroberge_3 KPOT_bdent_1
HD 181296,HIP 95261,L XXx,nan,3.112,nan,nan,nan,nan,250.723,5.733,4.568,42.902,105.881,6.187,1.784,16.823,nan,OT2_aroberge_3 KPOT_bdent_1
HD 202917,HIP 105388,XXXx,2.44,0.568,43.643,1.646,1.451,25.608,39.566,3.363,0.711,11.553,25.291,4.609,0.278,5.427,0.11,OT2_aroberge_3 KPOT_bdent_1
HD 164249,HIP 88399,L XXx,nan,1.385,nan,nan,nan,nan,539.63,13.772,2.08,39.031,256.846,17.781,0.812,14.399,nan,OT2_aroberge_3 KPOT_bdent_1 AOTVAL_bdent_2
HD 181327,HIP 95270,L XXx,nan,2.674,nan,nan,nan,nan,1387.57,7.655,1.803,181.016,794.634,10.511,0.704,75.533,nan,OT2_aroberge_3 OT1_cchen01_2 KPOT_bdent_1 SDP_bdent_3 AOTVAL_bdent_2
nan,2MASS J19560438-3207376,XX,nan,0.823,nan,nan,nan,nan,10.204,1.429,0,7.141,17.228,4.465,0,3.858,nan,OT2_atanner_1
nan,2MASS J22424896-7142211,XX,nan,1.403,nan,nan,nan,nan,88.872,1.661,0,53.505,98.589,6.511,0,15.142,nan,OT2_atanner_1
HD 35650,HIP 25283,XX,nan,1.487,nan,nan,nan,nan,33,1.86,1.985,16.651,35.777,5.211,0.775,6.717,nan,OT2_bzuckerm_2
HD 43989,HIP 30030,X _-,0.368,nan,14.214,1.925,2.512,6.066,nan,nan,nan,nan,3.831,6.697,0.481,0.5,nan,OT2_bzuckerm_2
HD 76543,HIP 43970,XX,nan,1.012,nan,nan,nan,nan,271.481,4.386,4.498,60.792,188.867,16.157,1.757,11.581,nan,OT2_bzuckerm_2
HD 76582,HIP 44001,XX,nan,0.668,nan,nan,nan,nan,485.855,3.825,3.449,125.991,399.405,15.328,1.347,25.969,nan,OT2_bzuckerm_2
HD 84870,HIP 48164,XX,nan,0.974,nan,nan,nan,nan,254.975,3.551,1.049,71.501,197.199,10.721,0.41,18.355,nan,OT2_bzuckerm_2
HD 85672,HIP 48541,XX,nan,0.942,nan,nan,nan,nan,157.657,3.439,0.624,45.661,69.247,11.466,0.244,6.018,nan,OT2_bzuckerm_2
HD 99945,HIP 56253,XX,nan,1.208,nan,nan,nan,nan,132.097,4.106,2.747,31.485,143.512,12.776,1.073,11.149,nan,OT2_bzuckerm_2
HD 203562,HIP 105570,XX,nan,0,nan,nan,nan,nan,39.492,3.632,4.533,9.607,86.563,13.18,1.771,6.433,nan,OT2_bzuckerm_2
HD 216956,HIP 113368,LX Xx,0.603,nan,3073.65,246.81,344.91,11.029,nan,nan,nan,nan,1514.02,205.78,66.018,7.036,nan,OT2_cchen01_3 KPGT_golofs01_1
HD 172167,HIP 91262,LXXXx,1.556,0.949,1110.81,61.782,849.914,3.479,1157.62,128.117,416.458,5.71,365.397,59.796,162.679,3.359,-0.54,OT2_cchen01_3 KPOT_bmatthew_1 KPGT_golofs01_1 SDP_golofs01_3
HD 21641,HIP 16430,X _,2.332,nan,18.803,3.597,2.051,4.655,nan,nan,nan,nan,0.761,13.16,0.393,0.028,nan,OT2_cmelis_3
nan,2MASS J03281868+4839482,X _,0.529,nan,61.44,3.563,0,17.244,nan,nan,nan,nan,9.721,11.571,0,0.84,nan,OT2_cmelis_3
HD 35656,HIP 25453,X _,3.649,nan,106.751,1.512,2.953,68.324,nan,nan,nan,nan,18.677,10.244,0.565,1.768,nan,OT2_dpadgett_2
HD 37004,HIP 25998,X _,1.681,nan,41.073,1.648,1.004,24.302,nan,nan,nan,nan,-2.14,6.33,0.192,-0.368,nan,OT2_dpadgett_2
HD 38805,HIP 27259,X X,1.999,nan,47.306,1.286,2.122,35.016,nan,nan,nan,nan,17.675,5.742,0.406,3.007,nan,OT2_dpadgett_2
HD 44200,HIP 30088,X X,1.573,nan,79.677,1.564,1.81,49.704,nan,nan,nan,nan,29.886,5.728,0.346,5.157,nan,OT2_dpadgett_2
HD 51296,HIP 33477,X _,1.403,nan,6.565,1.535,1.22,3.479,nan,nan,nan,nan,-6.38,5.452,0.234,-1.213,nan,OT2_dpadgett_2
HD 57969,HIP 35567,X X,2.034,nan,103.357,1.35,2.759,74.131,nan,nan,nan,nan,20.729,3.71,0.528,5.445,nan,OT2_dpadgett_2
HD 59507,HIP 36624,X _,0.803,nan,26.562,1.239,2.794,19.063,nan,nan,nan,nan,2.569,4.178,0.535,0.487,nan,OT2_dpadgett_2
HD 66552,HIP 39535,X _,1.202,nan,11.216,1.445,2.99,5.663,nan,nan,nan,nan,4.782,4.937,0.572,0.853,nan,OT2_dpadgett_2
HD 71988,HIP 41765,X X,1.195,nan,78.778,1.28,1.963,59.836,nan,nan,nan,nan,36.335,6.025,0.376,5.968,nan,OT2_dpadgett_2
HD 74389,HIP 42994,X _,1.066,nan,7.61,1.406,1.096,4.63,nan,nan,nan,nan,6.826,5.483,0.21,1.207,nan,OT2_dpadgett_2
HD 105857,HIP 59397,X _,4.474,nan,8.095,1.634,1.451,4.062,nan,nan,nan,nan,9.748,9.807,0.278,0.966,nan,OT2_dpadgett_2
HD 166636,HIP 89342,X _,1.591,nan,21.008,1.452,1.751,13.238,nan,nan,nan,nan,13.519,4.996,0.335,2.639,nan,OT2_dpadgett_2
HD 174474,HIP 92676,X _,1.479,nan,10.357,1.512,4.422,3.884,nan,nan,nan,nan,3.956,4.05,0.847,0.768,nan,OT2_dpadgett_2
HD 179933,HIP 94140,X _,1.025,nan,25.303,1.693,2.884,13.195,nan,nan,nan,nan,-6.358,9.438,0.552,-0.732,nan,OT2_dpadgett_2
HD 184327,HIP 96610,X _,1.35,nan,22.089,1.655,1.929,12.161,nan,nan,nan,nan,11.226,6.213,0.369,1.747,nan,OT2_dpadgett_2
HD 201377,HIP 104430,X _,1.385,nan,21.617,1.191,3.059,15.455,nan,nan,nan,nan,11.271,5.932,0.586,1.801,nan,OT2_dpadgett_2
HD 201906,HIP 105169,X _,2.158,nan,24.934,1.525,2.194,14.873,nan,nan,nan,nan,5.694,4.918,0.42,1.072,nan,OT2_dpadgett_2
HD 224309,HIP 118027,X _,1.765,nan,40.09,1.398,2.512,26.772,nan,nan,nan,nan,0.7,5.443,0.481,0.04,nan,OT2_dpadgett_2
HD 37306,HIP 26395,XXX,1.906,3.275,65.945,1.402,4.051,43.693,36.075,2.47,1.985,13.79,37.421,6.244,0.775,5.869,nan,OT2_dpadgett_2 OT2_isong_4
HD 192544,HIP 99892,X X,1.95,nan,44.034,1.315,1.875,31.978,nan,nan,nan,nan,15.513,4.11,0.359,3.687,nan,OT2_dpadgett_2 OT2_isong_4
2MASS J0120,HIP 6276,X _-,0.507,nan,6.89,1.05,2.21,4.432,nan,nan,nan,nan,7.087,6.489,0.423,1.027,0.06,OT2_fmorales_2
HD 13246,HIP 9902,X _,0.541,nan,22.391,1.118,3.308,16.885,nan,nan,nan,nan,11.875,4.5,0.633,2.498,nan,OT2_fmorales_2
HD 19668,HIP 14684,X _-,1.376,nan,7.119,0.828,1.963,6.183,nan,nan,nan,nan,7.657,3.727,0.376,1.954,nan,OT2_fmorales_2
HD 23267,HIP 17549,X_-,nan,0.831,nan,nan,nan,nan,7.415,1.41,0.719,4.747,-6.736,6.565,0.281,-1.069,nan,OT2_fmorales_2
HD 23642,HIP 17704,X _-,0.296,nan,8.625,1.524,1.875,4.42,nan,nan,nan,nan,14.775,12.147,0.359,1.187,nan,OT2_fmorales_2
HD 24141,HIP 18217,X _,2.322,nan,14.805,1.238,6.19,6.751,nan,nan,nan,nan,5.915,9.452,1.185,0.5,nan,OT2_fmorales_2
HD 24817,HIP 18481,X _,1.056,nan,8.294,0.948,3.908,4.531,nan,nan,nan,nan,-4.056,4.997,0.748,-0.961,nan,OT2_fmorales_2
HD 37286,HIP 26309,X _,1.114,nan,23.07,1.554,3.786,12.318,nan,nan,nan,nan,-1.451,6.172,0.725,-0.352,nan,OT2_fmorales_2
HD 60737,HIP 37170,X_-,nan,1.33,nan,nan,nan,nan,21.366,1.451,1.482,13.686,8.58,3.808,0.579,2.101,nan,OT2_fmorales_2
HD 72687,HIP 41967,X _-,0.366,nan,6.013,1.259,2.21,3.009,nan,nan,nan,nan,-1.899,4.878,0.423,-0.476,nan,OT2_fmorales_2
HD 74873,HIP 43121,LX _,1.46,nan,33.77,2.057,5.129,13.817,nan,nan,nan,nan,17.759,6.086,0.982,2.757,nan,OT2_fmorales_2
HD 80950,HIP 45585,X_x,nan,0.387,nan,nan,nan,nan,31.623,1.504,2.045,19.621,13.176,4.218,0.799,2.934,nan,OT2_fmorales_2
HD 90905,HIP 51386,L X_-,nan,1.104,nan,nan,nan,nan,24.02,2.609,2.756,8.139,13.434,5.76,1.077,2.145,0.07,OT2_fmorales_2
HD 92536,HIP 52160,X _-,1.424,nan,15.656,1.032,2.582,12.571,nan,nan,nan,nan,-8.561,5.286,0.494,-1.713,nan,OT2_fmorales_2
HD 118972,HIP 66765,X_x,nan,0.347,nan,nan,nan,nan,28.632,2.462,4.386,9.809,7.965,5.165,1.713,1.21,0,OT2_fmorales_2
HD 125283,HIP 69995,X _,0.258,nan,9.142,0.976,4.333,4.81,nan,nan,nan,nan,-2.341,4.519,0.829,-0.702,nan,OT2_fmorales_2
HD 126135,HIP 70455,X _-,1.667,nan,5.306,1.163,1.271,3.464,nan,nan,nan,nan,2.11,6.194,0.243,0.301,nan,OT2_fmorales_2
HD 132238,HIP 73341,X _-,0.969,nan,11.586,0.987,1.751,9.926,nan,nan,nan,nan,0.703,5.397,0.335,0.068,nan,OT2_fmorales_2
HD 145964,HIP 79599,X _-,1.595,nan,9.18,0.938,3.112,6.382,nan,nan,nan,nan,4.698,5.071,0.596,0.809,nan,OT2_fmorales_2
HD 159170,HIP 85922,X _,0.776,nan,19.482,0.901,7.871,11.809,nan,nan,nan,nan,2.785,4.139,1.507,0.309,nan,OT2_fmorales_2
HD 220825,HIP 115738,X X,0.702,nan,33.547,0.895,8.88,24.69,nan,nan,nan,nan,9.9,2.682,1.7,3.056,nan,OT2_fmorales_2
HD 30422,HIP 22192,LXXXx,1.425,0.906,64.108,2.979,4.333,20.013,43.277,2.052,2.123,20.029,17.584,3.775,0.829,4.438,nan,OT2_fmorales_2 OT1_hmaness_1
HD 183324,HIP 95793,LXXXx,2.758,1.105,44.363,1.904,5.2,20.38,35.197,2.155,2.548,15.124,25.827,3.572,0.995,6.951,-1.5,OT2_fmorales_2 OT1_hmaness_1
HD 28355,HIP 20901,L X_x,nan,0.233,nan,nan,nan,nan,127.254,13.978,6.37,8.646,45.522,31.166,2.488,1.381,nan,OT2_fmorales_3
HD 38056,HIP 26796,X_x,nan,1.102,nan,nan,nan,nan,35.509,2.124,1.109,16.19,9.417,5.572,0.433,1.612,nan,OT2_fmorales_3
HD 70313,HIP 41152,L XXx,nan,0.332,nan,nan,nan,nan,181.274,4.809,3.449,36.954,106.671,3.882,1.347,27.127,nan,OT2_fmorales_3
HD 71722,HIP 41373,L XXx,nan,1.398,nan,nan,nan,nan,120.466,4.055,1.881,29.236,46.862,8.714,0.735,5.293,nan,OT2_fmorales_3
HD 79108,HIP 45167,XXx,nan,2.521,nan,nan,nan,nan,60.866,2.402,1.499,24.704,32.857,5.461,0.586,5.909,nan,OT2_fmorales_3
HD 85301,HIP 48423,XXx,nan,2.013,nan,nan,nan,nan,39.369,2.035,1.742,18.473,27.964,4.467,0.68,6.108,0.19,OT2_fmorales_3
HD 98673,HIP 55485,XX,nan,2.38,nan,nan,nan,nan,12.234,2.416,1.603,4.398,16.269,4.723,0.626,3.312,nan,OT2_fmorales_3
HD 104860,HIP 58876,L XXx,nan,1.466,nan,nan,nan,nan,277.061,3.541,1.153,77.908,243.418,5.246,0.45,46.314,nan,OT2_fmorales_3
HD 136246,HIP 75077,XXx,nan,0.161,nan,nan,nan,nan,33.573,2.432,0.832,13.461,27.102,5.71,0.325,4.689,nan,OT2_fmorales_3
HD 136482,HIP 75210,X_-,nan,1.072,nan,nan,nan,nan,7.615,1.395,1.005,4.735,-1.532,4.9,0.393,-0.393,nan,OT2_fmorales_3
HD 138965,HIP 76736,L XX,nan,0.518,nan,nan,nan,nan,540.28,4.605,1.517,116.979,290.162,4.463,0.593,64.881,nan,OT2_fmorales_3
HD 141378,HIP 77464,L XX,nan,0.195,nan,nan,nan,nan,192.083,4.082,3.354,46.195,109.026,8.688,1.31,12.398,nan,OT2_fmorales_3
HD 145229,HIP 79165,XXx,nan,0.332,nan,nan,nan,nan,56.709,2.274,1.707,24.17,35.8,4.951,0.667,7.096,-0.16,OT2_fmorales_3
HD 153053,HIP 83187,L XX,nan,0.942,nan,nan,nan,nan,202.204,4.977,3.501,39.9,124.927,5.798,1.368,21.309,nan,OT2_fmorales_3
HD 183216,HIP 95849,X_-,nan,0.748,nan,nan,nan,nan,20.961,2.649,2.626,6.913,13.579,4.561,1.026,2.752,nan,OT2_fmorales_3
HD 191174,HIP 98872,L XX,nan,3.029,nan,nan,nan,nan,37.007,4.764,1.785,7.392,36.637,6.462,0.697,5.562,nan,OT2_fmorales_3
HD 192425,HIP 99742,L XX,nan,1.49,nan,nan,nan,nan,227.978,4.668,5.131,47.667,149.711,5.737,2.004,25.742,nan,OT2_fmorales_3
HD 196544,HIP 101800,X_,nan,0.881,nan,nan,nan,nan,51.307,2.462,3.224,19.488,25.039,7.954,1.259,2.99,0.17,OT2_fmorales_3
HD 215766,HIP 112542,XX,nan,0.278,nan,nan,nan,nan,16.303,1.074,2.435,12.83,11.39,3.089,0.951,3.379,nan,OT2_fmorales_3
HD 159492,HIP 86305,L XXx,nan,0.606,nan,nan,nan,nan,137.563,3.531,7.873,36.503,54.584,4.703,3.075,10.946,nan,OT2_fmorales_3 KPOT_bmatthew_1
GJ 433,HIP 56528,L X_,nan,1.861,nan,nan,nan,nan,18.102,2.219,2.973,6.803,16.229,5.047,1.161,2.985,nan,OT2_gbryden_2
GJ 649,HIP 83043,X_,nan,0.606,nan,nan,nan,nan,21.759,3.072,3.111,6.063,22.665,8.869,1.215,2.418,nan,OT2_gbryden_2
HD 81809,HIP 46404,X _,1.314,nan,34.083,1.93,26.867,3.069,nan,nan,nan,nan,0.898,5.409,5.143,-0.784,-0.27,OT2_gkennedy_2
HD 95698,HIP 53963,LX Xx,1.209,nan,150.834,3.24,5.571,44.669,nan,nan,nan,nan,101.821,6.239,1.066,16.149,nan,OT2_gkennedy_2
HD 202444,HIP 104887,X _,1.317,nan,82.135,2.055,69.618,3.096,nan,nan,nan,nan,6.262,6.18,13.325,-1.136,nan,OT2_gkennedy_2
nan,HD 173608,X _,1.453,nan,18.889,2.058,0,9.178,nan,nan,nan,nan,15.518,6.184,0,2.509,nan,OT2_gkennedy_2
HD 36546,HIP 26062,L XX,nan,2.191,nan,nan,nan,nan,643.036,7.206,2.453,88.883,278.889,10.567,0.958,26.301,nan,OT2_isong_4
HD 132658,HIP 73397,XX,nan,0,nan,nan,nan,nan,7.741,1.893,0.293,3.934,21.588,3.607,0.115,5.953,nan,OT2_isong_4
HD 198472,HIP 103048,X _,1.378,nan,46.591,1.818,2.459,24.22,nan,nan,nan,nan,16.973,7.588,0.471,2.175,nan,OT2_isong_4
nan,2MASS J11530385-5606045,X_,nan,4.765,nan,nan,nan,nan,16.701,4.461,0,3.744,3.638,9.929,0,0.366,nan,OT2_isong_4
HD 6798,HIP 5626,XX,nan,1.609,nan,nan,nan,nan,280.979,4.351,2.695,63.928,137.681,9.581,1.053,14.26,nan,OT2_isong_5
HD 12467,HIP 10054,L XX,nan,1.072,nan,nan,nan,nan,206.031,5.734,2.262,35.53,105.793,14.942,0.884,7.021,nan,OT2_isong_5
HD 31392,HIP 22787,XXx,nan,0.552,nan,nan,nan,nan,67.609,4.07,2.487,15.993,71.093,9.57,0.972,7.327,nan,OT2_isong_5
HD 40540,HIP 28230,XX,nan,0.73,nan,nan,nan,nan,126.173,4.119,0.641,30.475,94.216,9.781,0.25,9.607,nan,OT2_isong_5
HD 44958,HIP 30252,XX,nan,0.189,nan,nan,nan,nan,268.328,4.034,1.43,66.152,169.022,9.11,0.559,18.492,nan,OT2_isong_5
HD 54341,HIP 34276,XX,nan,0.318,nan,nan,nan,nan,296.487,3.915,1.083,75.447,200.117,11.007,0.423,18.142,nan,OT2_isong_5
HD 57703,HIP 35803,X_x,nan,1.021,nan,nan,nan,nan,25.083,2.835,2.149,8.084,17.96,7.026,0.84,2.437,nan,OT2_isong_5
HD 71043,HIP 41081,X_-,nan,2.887,nan,nan,nan,nan,26.477,5.374,2.045,4.546,48.634,27.871,0.799,1.716,nan,OT2_isong_5
HD 73350,HIP 42333,XX,nan,1.649,nan,nan,nan,nan,99.632,3.899,3.371,24.666,126.542,11.98,1.317,10.453,nan,OT2_isong_5
HD 75616,HIP 43625,X_x,nan,0.578,nan,nan,nan,nan,21.865,3.121,2.453,6.215,17.062,7.399,0.958,2.176,nan,OT2_isong_5
GJ 9298,HIP 46383,_Xx,nan,0,nan,nan,nan,nan,-3.778,3.023,1.213,-1.651,24.374,7.959,0.474,3.003,nan,OT2_isong_5
HD 165459,HIP 88349,X_x,nan,0.878,nan,nan,nan,nan,21.094,3.066,1.101,6.52,1.538,6.767,0.43,0.164,nan,OT2_isong_5
HD 201219,HIP 104318,XXx,nan,1.944,nan,nan,nan,nan,41.097,2.919,1.118,13.694,23.848,5.821,0.437,4.022,nan,OT2_isong_5
HD 205674,HIP 106741,XX,nan,0.607,nan,nan,nan,nan,228.452,3.206,1.517,70.765,164.679,9.387,0.593,17.48,nan,OT2_isong_5
HD 218340,HIP 114236,X_x,nan,1.091,nan,nan,nan,nan,18.371,2.896,0.711,6.098,5.87,8.392,0.278,0.666,nan,OT2_isong_5
nan,HD 120534,X_,nan,1.97,nan,nan,nan,nan,124.048,4.554,0,27.239,32.743,16.251,0,2.015,nan,OT2_isong_5
HD 107146,HIP 60074,LX Xx,0.925,nan,750.734,3.647,5.537,203.745,nan,nan,nan,nan,763.362,11.266,1.06,67.663,-0.03,OT2_kstape01_1
HD 202628,HIP 105184,LXXX,0.27,0.841,109.072,2.724,7.535,36.924,137.736,2.902,3.692,46.097,97.703,3.841,1.442,25.057,-0.01,OT2_kstape01_1
HD 15115,HIP 11360,LX X-,1.121,nan,455.103,2.774,4.245,162.056,nan,nan,nan,nan,267.447,6.042,0.812,44.129,nan,OT2_kstape01_1 GT1_vgeers_1
HD 61005,HIP 36948,LXXXx,4.273,4.481,710.988,3.006,2.104,235.679,707.25,4.548,1.031,155.271,473.239,7.159,0.403,66.048,nan,OT2_kstape01_1 OT1_vgeers_2
HD 45184,HIP 30503,LX X,4.134,nan,122.565,2.397,9.763,46.113,nan,nan,nan,nan,60.379,6.989,1.869,8.371,nan,OT2_ksu_3
HD 113337,HIP 63584,LX X,0.076,nan,179.412,2.022,8.243,82.948,nan,nan,nan,nan,105.676,5.211,1.578,19.974,nan,OT2_ksu_3
HD 206893,HIP 107412,X X,0.79,nan,243.695,1.254,4.996,186.682,nan,nan,nan,nan,205.358,6.586,0.956,31.035,nan,OT2_ksu_3
HD 127821,HIP 70952,LX X,1.132,nan,346.288,2.805,8.384,119.142,nan,nan,nan,nan,282.532,6.931,1.605,40.529,nan,OT2_ksu_3 OT1_jlestrad_1
HD 37594,HIP 26624,LXXX,0.798,0.839,458.673,5.047,6.969,89.287,457.284,6.372,3.415,71.203,266.741,14.159,1.334,18.745,nan,OT2_nphillip_1